sentence_id	text_a	text_b	pair_label	tagging_label	text_label
200505205512100035_2_5x1	也 由 于 他 父 亲 常 常 会 带 他 去 和 三 五 朋 友 下 棋 ， 因 此 他 对 于 下 棋 有 着 浓 厚 的 感 性 ， 不 论 是 中 国 象 棋 或 是 西 洋 棋 ， 也 因 为 他 的 热 爱 而 每 天 不 断 去 接 触 ， 最 后 他 曾 代 替 我 们 学 校 去 和 其 他 友 校 进 行 切 磋 、 比 赛 ， 并 取 得 了 不 错 的 成 绩 。	NONE	NONE	C C C C C C C C C C C C C C C S S C C C C C C C C C C C C C C C S S C C C C C C C C C C C C C C C C C C C C C C C C C C C C C C C C C C S S C C C C C C C C C C C C C C C C C C C C C C C C C C C C	也 由 于 他 父 亲 常 常 会 带 他 去 和 三 五 好 友 下 棋 ， 因 此 他 对 于 下 棋 有 着 浓 厚 的 兴 趣 ， 不 论 是 中 国 象 棋 或 是 西 洋 棋 ， 也 因 为 他 的 热 爱 而 每 天 不 断 去 接 触 ， 最 后 他 曾 代 表 我 们 学 校 去 和 其 他 友 校 进 行 切 磋 、 比 赛 ， 并 取 得 了 不 错 的 成 绩 。
200505522522110024_2_5x1	比 如 说 是 生 活 方 式 不 同 ， 吃 的 东 西 都 会 有 区 别 。	NONE	NONE	C C C R C C C C C C C C C C C C C C C C C	比 如 说 生 活 方 式 不 同 ， 吃 的 东 西 都 会 有 区 别 。
200307109523200372_2_4x2	关 键 是 不 是 用 不 用 化 肥 的 问 题 , 而 是 生 产 集 中 ， 分 得 不 公 的 问 题 。 有 些 发 达 国 家 农 业 产 量 过 多 必 要 出 口 ， 可 是 有 些 国 家 农 业 产 量 一 直 不 够 ， 饥 饿 。	NONE	NONE	C C R C C C C C C C C C C C C C C C C C C C C C C C C C C C C C C C C C C C C C C S S C C C C C C C C C C C C C C C C C C S S C	关 键 不 是 用 不 用 化 肥 的 问 题 , 而 是 生 产 集 中 ， 分 得 不 公 的 问 题 。 有 些 发 达 国 家 农 业 产 量 过 多 必 须 出 口 ， 可 是 有 些 国 家 农 业 产 量 一 直 不 够 ， 人 民 挨 饿 。
200209550523150242_2_1x1	首 先 ， 我 们 韩 国 人 的 看 法 就 是 古 代 孔 子 思 想 传 来 的 “ 长 幼 有 序 ” 来 解 决 才 好 ， 比 如 在 韩 国 让 老 人 理 解 年 青 人 这 可 提 出 很 多 问 题 ， 所 以 在 韩 国 年 青 人 理 解 老 人 是 有 理 有 条 的 。	NONE	NONE	C C C C C C C C C C C C C M C C C C C R R R C C C C C C C C C C C C C C C C C C C C C C C C C R S S S C C C C C C C C C C C C C C C C C C S S S S C C	首 先 ， 我 们 韩 国 人 的 看 法 就 是 用 古 代 孔 子 思 想 “ 长 幼 有 序 ” 来 解 决 才 好 ， 比 如 在 韩 国 让 老 人 理 解 年 青 人 会 产 生 很 多 问 题 ， 所 以 在 韩 国 年 青 人 理 解 老 人 是 理 所 当 然 的 。
200209550523250981_2_1x1	我 和 妈 妈 是 不 像 别 的 母 女 。	NONE	NONE	C C C C R C C C C C C C	我 和 妈 妈 不 像 别 的 母 女 。
200310540540250023_2_1x3	最 有 效 的 阅 读 当 然 是 阅 读 之 前 采 选 对 于 本 身 最 有 用 的 书 籍 。 要 仔 细 考 虑 将 阅 读 的 书 籍 是 否 对 于 本 身 有 益 。 然 后 再 认 真 阅 读 以 及 细 细 的 印 入 脑 海 中 ， 当 知 识 宝 藏 。	NONE	NONE	C C C C C C C C C C C C C C C C R S S C C C C C C C C C C C C C C C C C C C C C R S S C C C C C C C C C C S S S S C C C C C C C S C C C C C	最 有 效 的 阅 读 当 然 是 阅 读 之 前 采 选 对 自 己 最 有 用 的 书 籍 。 要 仔 细 考 虑 将 阅 读 的 书 籍 是 否 对 自 己 有 益 。 然 后 再 认 真 阅 读 并 慢 慢 的 印 入 脑 海 中 ， 当 作 知 识 宝 藏 。
200410534519150074_2_1x1	无 疑 的 ， 人 生 知 己 难 求 ， 如 能 在 小 时 有 所 发 现 ， 长 大 后 又 懂 得 珍 惜 ， 这 必 将 让 男 女 的 相 识 与 结 合 更 为 完 善 ， 日 后 婚 姻 也 美 满 。	NONE	NONE	C C C C C C C C C C C C C C C C C C C C C C C C C C C C C C C C C C C C C C C C C C C C S S C C C C C C M C C	无 疑 的 ， 人 生 知 己 难 求 ， 如 能 在 小 时 有 所 发 现 ， 长 大 后 又 懂 得 珍 惜 ， 这 必 将 让 男 女 的 相 识 与 结 合 更 为 完 美 ， 日 后 婚 姻 也 更 美 满 。
200307109523200357_2_4x1	他 们 也 都 是 没 有 使 用 化 肥 和 农 药 但 是 也 有 很 多 的 粮 食 生 产 出 来 , 这 里 就 有 原 因 。	NONE	NONE	C C C C R C C C C C C C C C C C C C C C C C C C C C C C C C C C C C C	他 们 也 都 没 有 使 用 化 肥 和 农 药 但 是 也 有 很 多 的 粮 食 生 产 出 来 , 这 里 就 有 原 因 。
200209550523150038_2_3x1	比 如 说 ， 在 家 里 父 母 和 子 女 之 间 的 生 活 中 经 常 发 生 了 这 个 问 题 ： 父 母 要 他 们 的 孩 子 早 点 回 家 。	NONE	NONE	C C C C C C C C C C C C R R C C C C C C C C R C C C C C C C C C C C C C C C C C C	比 如 说 ， 在 家 里 父 母 和 子 女 的 生 活 中 经 常 发 生 这 个 问 题 ： 父 母 要 他 们 的 孩 子 早 点 回 家 。
200210540540250019_2_1x1	我 们 家 是 一 个 开 明 的 家 ， 刚 巧 我 们 一 家 九 口 人 都 有 机 会 读 书 “ 知 书 识 礼 ” 的 “ 书 香 之 家 ” 。	NONE	NONE	C C C C C C C C C C C C C C C C C C C C C C C C C C M C C C C C C C C C C C C C	我 们 家 是 一 个 开 明 的 家 ， 刚 巧 我 们 一 家 九 口 人 都 有 机 会 读 书 ， 我 们 家 是 个 “ 知 书 识 礼 ” 的 “ 书 香 之 家 ” 。
200205212525200002_2_1x1	现 在 ， 不 管 在 中 国 发 生 的 那 种 件 事 ， 还 在 全 世 界 也 发 生 过 好 几 个 件 。	NONE	NONE	C C C S S C C C C C R C R C C C C C C C C C C C C C C R C C	现 在 ， 不 仅 在 中 国 发 生 那 件 事 ， 还 在 全 世 界 也 发 生 过 好 几 件 。
200307109523200613_2_1x1	不 使 用 化 肥 和 农 药 可 以 生 成 更 好 的 食 品 ， 使 用 化 肥 和 农 药 可 以 大 大 提 高 生 产 率 ， 但 用 化 肥 和 农 药 的 农 作 物 会 在 耕 作 过 程 中 受 到 不 同 程 度 的 污 染 对 人 体 有 害 。	NONE	NONE	C C C C C C C C C C S S C C C C C C C C C C C C C C C C C C C C C C C C C C C C C C C C C C C C C C C C C C C C C C C C C C C C C C C C	不 使 用 化 肥 和 农 药 可 以 生 产 更 好 的 食 品 ， 使 用 化 肥 和 农 药 可 以 大 大 提 高 生 产 率 ， 但 用 化 肥 和 农 药 的 农 作 物 会 在 耕 作 过 程 中 受 到 不 同 程 度 的 污 染 对 人 体 有 害 。
200307109523100538_2_1x1	在 过 去 的 农 业 社 会 上 ， 最 重 要 的 问 题 是 解 决 饥 饿 的 问 题 。	NONE	NONE	C C C C C C C C S C C C C C C C C C C C C C C C C	在 过 去 的 农 业 社 会 中 ， 最 重 要 的 问 题 是 解 决 饥 饿 的 问 题 。
200307212523100043_2_1x1	我 们 每 个 人 都 明 白 , 世 界 正 在 飞 快 地 发 展 , 近 几 年 来 我 们 的 工 业 得 到 了 明 显 的 进 步 , 并 科 学 技 术 也 正 在 飞 速 地 发 展 。	NONE	NONE	C C C C C C C C C C C C C C C C C C C C C C C C C C C C C C C C C C C C C S C C C C C C C C C C C C C	我 们 每 个 人 都 明 白 , 世 界 正 在 飞 快 地 发 展 , 近 几 年 来 我 们 的 工 业 得 到 了 明 显 的 进 步 , 并 且 科 学 技 术 也 正 在 飞 速 地 发 展 。
200105205919100022_2_2x4	我 的 脑 海 都 是 我 过 去 在 一 起 的 时 间 。 我 想 到 了 在 维 多 利 亚 的 那 蓝 蓝 的 大 海 ， 当 太 阳 把 它 的 余 光 送 给 了 大 海 时 那 个 影 又 再 回 九 年 前 在 维 多 利 找 到 家 的 那 一 天 。 在 一 万 多 公 里 之 外 找 到 自 己 的 是 不 可 能 的 但 对 我 来 说 是 可 的 ！ 对 我 来 说 不 但 是 可 能 的 我 还 找 到 过 两 次 ， 那 远 离 我 家 乡 的 家 ！	NONE	NONE	C C C C M C S C C C C C C S S C C C C C C C C C C C C C C C C C C C C C C C C C C C C C C C C C C S C R C M C C C C C C C C C C C C C C C C C C C C C C C C C C C M C C C C C C C C C C S C C C C C C C C C C C C M C C C C C C C C C C C C C C C C	我 的 脑 海 里 都 是 我 们 过 去 在 一 起 的 时 光 。 我 想 到 了 在 维 多 利 亚 的 那 蓝 蓝 的 大 海 ， 当 太 阳 把 它 的 余 光 送 给 了 大 海 时 那 个 影 子 又 回 到 了 九 年 前 在 维 多 利 找 到 家 的 那 一 天 。 在 一 万 多 公 里 之 外 找 到 自 己 的 家 是 不 可 能 的 但 对 我 来 说 是 可 能 的 ！ 对 我 来 说 不 但 是 可 能 的 而 且 我 还 找 到 过 两 次 ， 那 远 离 我 家 乡 的 家 ！
200505109525101108_2_2x1	我 在 八 岁 的 时 候 ， 我 在 商 店 里 偷 了 一 个 小 商 品 。	NONE	NONE	C C C C C C C C R C C C C C C C C C C C C	我 在 八 岁 的 时 候 ， 在 商 店 里 偷 了 一 个 小 商 品 。
200510111523100862_2_1x1	所 以 像 上 述 的 情 况 那 样 追 星 的 行 为 是 年 青 人 不 要 做 的 , 而 且 治 其 病 的 方 法 是 只 有 自 己 调 整 自 己 的 。	NONE	NONE	C C C C C C C C C C C C C C C C C C C C C C C C C C C C C C C C C C C C C C C C C R C	所 以 像 上 述 的 情 况 那 样 追 星 的 行 为 是 年 青 人 不 要 做 的 , 而 且 治 其 病 的 方 法 是 只 有 自 己 调 整 自 己 。
200210540519250049_2_5x2	或 者 是 男 女 感 情 问 题 时 ， 多 给 心 理 的 建 议 及 开 导 。 做 父 母 的 是 要 多 主 动 去 跟 孩 子 沟 通 。	NONE	NONE	C C C M C C C C C C C C C C C M C C C C C C C C C C R C C C C C C C C C C C	或 者 是 出 现 男 女 感 情 问 题 时 ， 多 给 心 理 上 的 建 议 及 开 导 。 做 父 母 的 要 多 主 动 去 跟 孩 子 沟 通 。
200307302525100075_2_2x3	不 过 假 如 我 想 像 从 今 天 食 品 突 然 没 了 ， 那 我 应 该 后 悔 。 因 此 ， 我 认 为 人 人 得 省 得 浪 费 食 品 。 尤 其 是 饮 食 的 东 西 最 丰 富 的 时 候 ， 很 注 意 。	NONE	NONE	C C C C C C C C C C M C C C C C C C C C C M C C C C C C C C C C C S S C C C C C C C C C C C C C C C C C C C C R C C C	不 过 假 如 我 想 像 从 今 天 开 始 食 品 突 然 没 了 ， 那 我 应 该 会 后 悔 。 因 此 ， 我 认 为 人 人 得 避 免 浪 费 食 品 。 尤 其 是 饮 食 的 东 西 最 丰 富 的 时 候 ， 更 应 该 注 意 。
200209550523150242_2_1x1	再 说 ， 现 在 激 变 的 社 会 环 境 下 出 现 的 科 学 ， 技 术 方 面 的 话 ， 按 照 年 青 人 的 建 议 来 办 是 合 算 的 。	NONE	NONE	S S C C C C C C C C C C C C C C C C C C C C C M C C C C C C C C C C C C C S S C C	另 外 ， 现 在 激 变 的 社 会 环 境 下 出 现 的 科 学 ， 技 术 方 面 的 问 题 的 话 ， 按 照 年 青 人 的 建 议 来 办 是 合 理 的 。
200105550523250353_2_3x1	这 是 第 一 次 给 你 写 信 的 吧 。	NONE	NONE	C C C C C C C C C R C C	这 是 第 一 次 给 你 写 信 吧 。
200405204525100339_2_1x2	很 多 人 知 道 吸 烟 是 对 个 人 健 康 带 来 不 好 的 影 响 。 可 是 很 少 人 知 道 吸 烟 不 仅 仅 给 吸 烟 者 带 来 对 健 康 的 不 利 , 还 有 给 对 旁 边 吸 到 吸 烟 者 吐 出 来 的 烟 的 不 吸 烟 者 也 带 来 不 好 的 影 响 。	NONE	NONE	C C C C C C C S S C C C C C C C C C C C C C C C C C C C C C C C C M C C C C C C C C C C C M C R C R C C C C C C C C C C C C C C C C C C C C C C C C C C	很 多 人 知 道 吸 烟 会 给 个 人 健 康 带 来 不 好 的 影 响 。 可 是 很 少 人 知 道 吸 烟 不 仅 仅 会 给 吸 烟 者 带 来 对 健 康 的 不 利 影 响 , 还 会 给 旁 边 吸 到 吸 烟 者 吐 出 来 的 烟 的 不 吸 烟 者 也 带 来 不 好 的 影 响 。
200405109525200482_2_2x1	据 说 ， 烟 有 害 无 利 ， 抽 烟 不 仅 对 抽 烟 者 的 身 体 有 害 ， 而 且 对 周 围 者 的 身 体 更 有 害 。	NONE	NONE	C C C C C C C C C C C C C C C C C C C C C C C C C C C C S C C C C C C C	据 说 ， 烟 有 害 无 利 ， 抽 烟 不 仅 对 抽 烟 者 的 身 体 有 害 ， 而 且 对 周 围 人 的 身 体 更 有 害 。
200205206525100034_2_1x1	如 果 我 在 丈 夫 的 立 场 上 ， 绝 对 不 会 让 大 夫 杀 妻 子 。	NONE	NONE	C C C M C C C C C C C C C C C C C C C C C C	如 果 我 处 在 丈 夫 的 立 场 上 ， 绝 对 不 会 让 大 夫 杀 妻 子 。
200105550523250010_2_2x1	我 在 汉 城 已 经 一 年 多 个 月 了 。	NONE	NONE	C C C C C C C C C R R C C	我 在 汉 城 已 经 一 年 多 了 。
200410534533250130_2_2x1	他 们 随 着 岁 月 的 过 去 逐 渐 了 解 对 方 ， 而 不 是 经 过 了 几 个 月 的 认 识 后 便 盲 目 拜 上 堂 。	NONE	NONE	C C C C C C C C C C C C C C C C C C C C C C C C C C C C C C C C C R C C	他 们 随 着 岁 月 的 过 去 逐 渐 了 解 对 方 ， 而 不 是 经 过 了 几 个 月 的 认 识 后 便 盲 目 拜 堂 。
200105550523150007_2_1x2	您 您 好 ！ 寒 冷 的 冬 天 早 已 过 去 ， 已 经 是 百 花 乱 眼 的 五 月 了 ， 不 知 您 两 位 也 像 外 面 的 天 气 一 样 过 着 清 爽 的 生 活 。	NONE	NONE	C S C C C C C C C C C C C C C C C C C C C C C C C C C C C C C M C C C C C C C C C C C C C C C C	您 们 好 ！ 寒 冷 的 冬 天 早 已 过 去 ， 已 经 是 百 花 乱 眼 的 五 月 了 ， 不 知 您 两 位 是 否 也 像 外 面 的 天 气 一 样 过 着 清 爽 的 生 活 。
200105550523250146_2_1x1	我 很 明 知 你 们 现 在 多 么 困 难 ， 多 么 辛 苦 。	NONE	NONE	C R C C C C C C C C C C C C C C C C	我 明 知 你 们 现 在 多 么 困 难 ， 多 么 辛 苦 。
200105206627100050_2_7x2	怎 么 说 ， 最 后 的 皇 帝 候 ， 孙 中 山 和 国 民 党 公 布 新 的 法 律 ， 所 以 我 觉 得 他 为 了 中 国 的 进 步 有 影 响 。 无 论 结 果 不 好 ， 杀 了 很 多 共 产 党 员 ， 腐 败 的 政 府 。	NONE	NONE	C C C C C C C C C S C C C C C C C C C C M C C C C C C C C C C S S C C C C C C C C C S S C C M C C C C C C C C C C C M C C C C C	怎 么 说 ， 最 后 的 皇 帝 的 时 候 ， 孙 中 山 和 国 民 党 公 布 了 新 的 法 律 ， 所 以 我 觉 得 他 对 中 国 的 进 步 有 影 响 。 虽 然 结 果 不 好 ， 杀 了 很 多 共 产 党 员 ， 变 成 了 腐 败 的 政 府 。
200510302523200239_2_5x1	我 觉 得 在 天 天 像 洪 水 一 样 新 出 世 的 歌 曲 当 中 ， 不 广 告 不 宣 传 会 淘 汰 看 不 到 阳 光 就 消 息 。	NONE	NONE	C C C C C C C C C C C C S S C C C C C C C M C C C C C M C C C C C C C S S C	我 觉 得 在 天 天 像 洪 水 一 样 新 出 现 的 歌 曲 当 中 ， 不 打 广 告 不 宣 传 会 被 淘 汰 看 不 到 阳 光 就 消 失 。
200105205525100020_2_8x1	然 后 我 开 始 吃 饭 ， 正 好 我 走 的 时 候 ， 发 生 “ 奇 迹 ” 了 ！	NONE	NONE	C C C C C C C C S S C M C C C C C C C C C C C C	然 后 我 开 始 吃 饭 ， 正 当 我 要 走 的 时 候 ， 发 生 “ 奇 迹 ” 了 ！
200510111523201036_2_3x1	” 十 中 八 九 是 关 于 爱 情 的 。	NONE	NONE	C C S C C C C C C C C C	” 十 之 八 九 是 关 于 爱 情 的 。
200405109523201839_2_1x2	我 对 吸 烟 这 个 行 为 十 分 反 对 ， 我 认 为 卖 烟 者 和 吸 烟 者 两 者 者 都 有 责 任 ， 因 为 吸 烟 对 个 人 健 康 和 公 众 利 益 的 影 响 格 外 严 重 。 我 也 是 一 个 吸 烟 者 ， 却 这 样 说 话 觉 得 有 点 矛 盾 ， 我 试 过 很 多 次 戒 烟 ， 但 一 旦 习 惯 了 难 以 戒 烟 。	NONE	NONE	C C C C C C C C C C C C C C C C C C C C C C C C C R C C C C C C C C C C C C C C C C C C C C C C S S C C C C C C C C C C C C C C C C C M C C C C C C C C C C C C C C C C C C C C C M C C C C	我 对 吸 烟 这 个 行 为 十 分 反 对 ， 我 认 为 卖 烟 者 和 吸 烟 者 两 者 都 有 责 任 ， 因 为 吸 烟 对 个 人 健 康 和 公 众 利 益 的 影 响 非 常 严 重 。 我 也 是 一 个 吸 烟 者 ， 却 这 样 说 话 ， 觉 得 有 点 矛 盾 ， 我 试 过 很 多 次 戒 烟 ， 但 一 旦 习 惯 了 就 难 以 戒 烟 。
200310540540150040_2_1x1	读 书 写 字 ， 是 我 们 学 习 各 种 文 化 都 必 须 掌 握 的 基 本 条 件 。	NONE	NONE	C C C C C C C C C C C C C C C C C C C C C C S S C	读 书 写 字 ， 是 我 们 学 习 各 种 文 化 都 必 须 掌 握 的 基 本 本 领 。
200505332512100046_2_2x1	虽 然 是 这 样 的 话 ， 父 母 亲 不 一 定 能 影 响 一 个 孩 子 的 一 辈 子 。	NONE	NONE	C C C C C R R C M C C C C C C C C C C C C C C C C C	虽 然 是 这 样 ， 但 父 母 亲 不 一 定 能 影 响 一 个 孩 子 的 一 辈 子 。
200405219635200007_2_13x1	禁 止 在 公 共 场 所 吸 烟 的 措 施 ， 禁 止 给 孩 子 卖 烟 的 主 意 ， 所 有 可 以 帮 助 市 民 保 持 更 健 康 生 态 的 措 施 都 是 非 常 有 用 的 ， 而 且 可 以 说 是 需 要 的 。	NONE	NONE	C C C C C C C C C C C C C C C C C C C C C C C C C C C C C C C C C C C C C S S C C C C C C C C C C C C C C C C C S S C C	禁 止 在 公 共 场 所 吸 烟 的 措 施 ， 禁 止 给 孩 子 卖 烟 的 主 意 ， 所 有 可 以 帮 助 市 民 保 持 更 健 康 生 活 的 措 施 都 是 非 常 有 用 的 ， 而 且 可 以 说 是 必 要 的 。
200307205525200029_2_4x4	人 类 在 几 十 年 里 研 究 出 来 的 结 果 是 往 往 胜 不 过 地 球 、 大 自 然 的 力 量 。 可 是 人 类 在 自 己 的 研 究 当 中 可 以 找 到 一 些 自 然 微 妙 秘 密 。 人 可 以 在 继 续 研 究 大 自 然 的 大 力 量 的 原 因 。 总 有 一 天 会 发 现 对 人 类 没 有 无 污 染 的 农 作 物 。	NONE	NONE	C C C C C C C C C C C C C C R C C C C C C C C C C C C C C C C C C C C C C C C C C C C C C C C C C C C C M C C C C C R C C C C C C C C C C C C C C C C C C C C C C C C C C C R C C C C C C C	人 类 在 几 十 年 里 研 究 出 来 的 结 果 往 往 胜 不 过 地 球 、 大 自 然 的 力 量 。 可 是 人 类 在 自 己 的 研 究 当 中 可 以 找 到 一 些 自 然 微 妙 的 秘 密 。 人 可 以 继 续 研 究 大 自 然 的 大 力 量 的 原 因 。 总 有 一 天 会 发 现 对 人 类 没 有 污 染 的 农 作 物 。
200307109525100114_2_3x3	过 多 的 化 肥 不 但 消 灭 昆 虫 ， 而 且 对 人 类 身 体 引 起 不 好 的 作 用 。 所 以 适 当 地 使 用 它 吧 ！ 我 们 必 须 把 这 种 观 念 告 诉 农 作 物 制 造 者 ， 即 农 民 不 要 化 肥 使 用 地 太 多 ， 适 应 就 足 够 了 。	NONE	NONE	C C C C C C C M C C C C C C C C C C C S S C C C C C C C C S S C C C C C C C C C C C C C C C S S M C C S S S C C C C C C M C C C C C C C C C C C C C C	过 多 的 化 肥 不 但 不 会 消 灭 昆 虫 ， 而 且 对 人 类 的 身 体 也 会 产 生 不 好 的 影 响 。 所 以 适 量 地 使 用 它 吧 ！ 我 们 必 须 把 这 种 观 念 灌 输 给 农 作 物 生 产 者 ， 即 农 民 不 要 把 化 肥 使 用 地 太 多 ， 适 量 就 足 够 了 。
200307205525100177_2_5x1	所 以 吃 未 经 污 染 的 农 产 品 加 工 的 食 品 。 叫 做 “ 绿 色 食 品 ” 的 重 要 性 是 很 明 显 的 。	NONE	NONE	C C C C C C C C C C C C C C C C C R R C C C C C C C C C C C C C C C C	所 以 吃 未 经 污 染 的 农 产 品 加 工 的 食 品 。 “ 绿 色 食 品 ” 的 重 要 性 是 很 明 显 的 。
200209550523250008_2_5x1	但 是 这 个 方 式 已 经 是 一 般 的 ， 她 每 次 我 打 电 话 的 时 候 ， 批 评 我 ， 是 不 是 太 过 分 ？	NONE	NONE	C C C C C C C C C C C C C C C C M C C C C C C C C C C C C C C C C C C	但 是 这 个 方 式 已 经 是 一 般 的 ， 她 每 次 给 我 打 电 话 的 时 候 ， 批 评 我 ， 是 不 是 太 过 分 ？
200510111542201697_2_1x1	对 于 不 同 的 年 代 有 不 同 的 看 法 。	NONE	NONE	R R C C C C C M C C C C C C	不 同 的 年 代 的 人 有 不 同 的 看 法 。
200307302523100050_2_1x1	有 农 作 物 的 生 长 过 程 中 ， 如 果 使 用 化 肥 和 农 药 ， 产 量 就 会 大 大 提 高 ， 但 农 作 物 会 受 到 不 同 程 度 的 化 学 污 染 ， 吃 了 会 有 害 于 人 的 健 康 ， 如 果 不 用 化 肥 和 农 药 ， 农 作 物 产 量 大 大 降 低 ， 而 现 在 世 界 上 还 有 几 亿 人 因 缺 少 粮 食 而 挨 饿 。	NONE	NONE	S C C C C C C C C C C C C C C C C C C C C C C C C C C C C C C C C C C C C C C C C C C C C C C C C C C C C C C C C C C C C C C C C C C C C C C C C M C C C C C C C C C C C C C C C C C C C C C C C C	在 农 作 物 的 生 长 过 程 中 ， 如 果 使 用 化 肥 和 农 药 ， 产 量 就 会 大 大 提 高 ， 但 农 作 物 会 受 到 不 同 程 度 的 化 学 污 染 ， 吃 了 会 有 害 于 人 的 健 康 ， 如 果 不 用 化 肥 和 农 药 ， 农 作 物 产 量 就 会 大 大 降 低 ， 而 现 在 世 界 上 还 有 几 亿 人 因 缺 少 粮 食 而 挨 饿 。
200105550523150048_2_3x1	学 这 篇 文 章 时 又 想 起 来 了 您 们 。	NONE	NONE	C C C C C C C C C R C C C C	学 这 篇 文 章 时 又 想 起 了 您 们 。
200505522522250013_2_5x2	我 的 亲 身 爱 情 故 事 从 这 个 时 候 开 始 了 。 陈 老 师 就 是 我 的 故 事 中 的 红 娘 ， 但 他 不 是 介 绍 给 我 们 的 ， 只 是 指 给 我 看 的 。	NONE	NONE	C C R R C C C C C C C C C C C C C C C C C C C C C C C C C C C C C C C C C C C C C C C C C C C C C C	我 的 爱 情 故 事 从 这 个 时 候 开 始 了 。 陈 老 师 就 是 我 的 故 事 中 的 红 娘 ， 但 他 不 是 介 绍 给 我 们 的 ， 只 是 指 给 我 看 的 。
200505650919150183_2_1x2	你 们 好 ， 我 是 一 个 人 ， 不 想 婚 姻 。 我 的 朋 友 们 每 一 个 婚 姻 过 。	NONE	NONE	C C C C C C C C C C C C S S C C C C C C C C C S S C C	你 们 好 ， 我 是 一 个 人 ， 不 想 结 婚 。 我 的 朋 友 们 每 一 个 都 结 婚 过 。
200105109525200413_2_5x3	但 是 在 最 后 一 天 集 团 做 饭 时 ， 我 们 发 现 谁 也 没 带 一 箱 “ 火 柴 ” 。 我 们 异 口 音 声 地 说 道 ： “ 哎 ！ 我 想 你 们 一 不 定 会 带 来 的 … … 怎 么 会 谁 也 没 带 呢 ？	NONE	NONE	C C C C C C C S S C C C C C C C C C C C C R R C C C C C C C S S S S C C C C C C C C C C C C R C C C C C C C C C C C C C C C C	但 是 在 最 后 一 天 集 体 做 饭 时 ， 我 们 发 现 谁 也 没 带 “ 火 柴 ” 。 我 们 异 口 同 声 地 说 道 ： “ 哎 ！ 我 想 你 们 一 定 会 带 来 的 … … 怎 么 会 谁 也 没 带 呢 ？
200505109525101479_2_1x1	我 家 的 情 况 表 示 父 母 是 个 老 师 ， 我 小 孩 时 爸 爸 喜 欢 看 足 球 比 赛 对 我 深 刻 的 影 响 ， 我 上 小 学 就 参 加 足 球 队 学 了 六 年 。	NONE	NONE	C C C C C S S C C C C C C C C M C C C C C C C C C C C M C M C C C C C C C C C C C C C C C C C C C C	我 家 的 情 况 表 明 父 母 是 个 老 师 ， 我 还 是 小 孩 时 爸 爸 喜 欢 看 足 球 比 赛 这 对 我 产 生 了 深 刻 的 影 响 ， 我 上 小 学 就 参 加 足 球 队 学 了 六 年 。
200307109525200166_2_3x1	而 另 一 个 地 方 还 落 后 ， 没 有 吃 的 东 西 ， 他 们 每 天 担 心 “ 吃 ” 的 问 题 。	NONE	NONE	C C C S C C C M C C C C C C C C C C C C C S S C C C C C C C	而 另 一 些 地 方 还 很 落 后 ， 没 有 吃 的 东 西 ， 他 们 每 天 面 临 “ 吃 ” 的 问 题 。
200307109523200246_2_1x3	生 命 只 有 一 次 . 我 自 己 的 生 命 很 重 要 , 所 以 别 人 的 生 命 也 同 样 重 要 。 具 有 健 康 身 体 的 人 吃 了 几 道 绿 色 食 品 ， 会 对 身 体 有 点 好 处 ， 但 若 用 吃 菜 的 钱 能 救 活 了 几 个 人 ， 并 学 到 了 爱 心 ， 那 哪 一 个 选 择 更 为 珍 贵 呢 ？ 我 们 做 一 个 富 有 爱 民 的 人 吧 ！	NONE	NONE	C C C C C C C C C C C C C C C C C S S C C C C C C C C C C C C C C C C C C C C C C S C C C C C C C C C C C C C C C C C C C C C C C C R C C C C C C C C C C C C C C C C C C C S S C C M C C C C C C S S C C C C	生 命 只 有 一 次 . 我 自 己 的 生 命 很 重 要 , 而 别 人 的 生 命 也 同 样 重 要 。 具 有 健 康 身 体 的 人 吃 了 几 种 绿 色 食 品 ， 会 对 身 体 有 点 好 处 ， 但 若 用 吃 菜 的 钱 能 救 活 几 个 人 ， 并 学 到 了 爱 心 ， 那 哪 一 个 选 择 更 为 可 贵 呢 ？ 让 我 们 做 一 个 富 有 爱 心 的 人 吧 ！
200505204525100142_2_1x3	我 也 想 父 母 是 孩 子 的 第 一 任 老 师 。 有 一 个 孩 子 刚 刚 生 的 时 候 ， 他 除 了 只 能 大 声 哭 以 外 ， 什 么 事 情 都 做 不 了 。 得 到 为 活 下 去 的 营 养 也 好 ， 移 动 到 别 的 地 方 也 好 ， 一 定 需 要 他 的 父 母 帮 助 他 活 下 去 的 。	NONE	NONE	C C S C C C C C C C C C C C C R C C C C C C C M C C C C C C R C C C C C C C C C C C C S S S C C C C C C C C C C C C C C C C C C C C C C C C C C C C C C C C C C C C C R C	我 也 认 为 父 母 是 孩 子 的 第 一 任 老 师 。 一 个 孩 子 刚 刚 生 下 来 的 时 候 ， 他 除 了 能 大 声 哭 以 外 ， 什 么 事 情 都 做 不 到 。 得 到 为 活 下 去 的 营 养 也 好 ， 移 动 到 别 的 地 方 也 好 ， 一 定 需 要 他 的 父 母 帮 助 他 活 下 去 。
200306542542230001_2_4x1	乱 吐 香 口 糖   ， 不 止 为 清 洁 人 员 的 工 作 增 加 许 多 不 方 便 ， 而 且 也 会 影 响 城 市 的 美 观 。	NONE	NONE	C C C C C C S S C C C C C C C C C C C C C C C C C C C C C C C C C C C C C	乱 吐 香 口 糖   ， 不 仅 为 清 洁 人 员 的 工 作 增 加 许 多 不 方 便 ， 而 且 也 会 影 响 城 市 的 美 观 。
200307271523200043_2_1x1	还 有 按 照 我 们 地 球 环 境 的 污 染 , 我 们 吃 的 食 品 都 变 不 多 了 。	NONE	NONE	C C C C C C C C C C C C C C C C C C C C C C M C C C	还 有 按 照 我 们 地 球 环 境 的 污 染 , 我 们 吃 的 食 品 都 变 得 不 多 了 。
200105109525200003_2_2x1	我 认 为 三 个 和 尚 不 应 该 这 样 ， 要 是 他 们 三 个 人 一 起 努 力 抬 水 的 话 ， 他 们 都 能 喝 更 好 更 多 的 水 。	NONE	NONE	C C C C C C C C C C C C C C C C C C C C C C C C C C C C C C C C C C M C C C C C C	我 认 为 三 个 和 尚 不 应 该 这 样 ， 要 是 他 们 三 个 人 一 起 努 力 抬 水 的 话 ， 他 们 都 能 喝 到 更 好 更 多 的 水 。
200405109523101001_2_1x3	抽 烟 不 仅 是 伤 害 自 己 的 身 体 ， 而 且 对 周 围 的 人 也 有 不 好 的 影 响 。 特 别 是 怀 孕 的 女 性 抽 烟 ， 不 仅 是 伤 害 自 己 的 身 体 ， 而 且 伤 害 到 无 罪 的 孩 子 。 在 哪 儿 ， 什 么 时 候 抽 烟 ， 每 个 抽 烟 的 人 都 有 这 样 的 权 力 ， 可 是 不 应 该 给 别 人 添 麻 烦 。	NONE	NONE	C C C C R C C C C C C C C C C C C C C C C C C C C C C C C C C C C C C C C C C C C R C C C C C C C C C C C C C S S C C C C C C C C C C C C C C C C C C C C C C C C C C S S C C C C C C C C C C C C C	抽 烟 不 仅 伤 害 自 己 的 身 体 ， 而 且 对 周 围 的 人 也 有 不 好 的 影 响 。 特 别 是 怀 孕 的 女 性 抽 烟 ， 不 仅 伤 害 自 己 的 身 体 ， 而 且 伤 害 到 无 辜 的 孩 子 。 在 哪 儿 ， 什 么 时 候 抽 烟 ， 每 个 抽 烟 的 人 都 有 这 样 的 权 利 ， 可 是 不 应 该 给 别 人 添 麻 烦 。
200209550523150217_2_2x1	所 以 老 人 和 年 青 人 之 间 发 生 问 题 。	NONE	NONE	C C C C C C C C C C C C M C C	所 以 老 人 和 年 青 人 之 间 发 生 了 问 题 。
200307109523200602_2_1x1	我 认 为 ， 现 在 世 界 上 很 多 人 饥 饿 ， 我 们 应 该 先 让 他 们 不 挨 饿 ， 然 后 再 解 决 农 药 和 化 肥 给 人 们 带 来 有 害 的 问 题 。	NONE	NONE	C C C C C C C C C C C C C C C C C C C C C C C C C C C C C C C C C C C C C C C C C C S S C C C C	我 认 为 ， 现 在 世 界 上 很 多 人 饥 饿 ， 我 们 应 该 先 让 他 们 不 挨 饿 ， 然 后 再 解 决 农 药 和 化 肥 给 人 们 带 来 害 处 的 问 题 。
200307109523200140_2_2x1	我 从 小 时 , 我 爸 爸 给 我 很 多 资 料 ， 拿 书 、 拿 报 纸 都 给 我 看 ， 所 以 我 很 关 心 对 于 世 界 饥 饿 。	NONE	NONE	C R C C C C C C C C C C C C C C C C C C C R C C C C C C C C C C R R C C C C M	我 小 时 , 我 爸 爸 给 我 很 多 资 料 ， 拿 书 、 拿 报 纸 给 我 看 ， 所 以 我 很 关 心 世 界 饥 饿 问 题 。
200405332602100051_2_2x1	因 为 我 们 都 得 到 了 一 种 现 代 的 病 可 以 叫 它 “ 要 钱 病 ” 关 于 这 个 情 况 每 一 个 社 会 不 太 一 样 ， 有 的 社 会 已 经 被 这 种 势 趋 完 全 控 制 的 有 的 社 会 可 能 还 可 以 对 症 下 药 。	NONE	NONE	C C C C C C R C C C C C R C C C C C C C C C C C C C C C C C C C C C C C C C C C C C C C C C C C S S C C C C S C C C C C C C C C C C C C C	因 为 我 们 都 得 了 一 种 现 代 病 可 以 叫 它 “ 要 钱 病 ” 关 于 这 个 情 况 每 一 个 社 会 不 太 一 样 ， 有 的 社 会 已 经 被 这 种 趋 势 完 全 控 制 了 有 的 社 会 可 能 还 可 以 对 症 下 药 。
200405109523101831_2_4x3	但 现 在 ， 怎 么 戒 不 了 了 。 ” 以 后 我 每 天 看 到 爸 爸 抽 着 烟 ， 我 很 生 气 。 因 为 爸 爸 抽 的 烟 ， 家 里 满 地 都 是 。	NONE	NONE	C C C C C C M C C C C C C C C C C C C C C C R C C C C C C C C C C C C C S C C C C C C C C	但 现 在 ， 怎 么 也 戒 不 了 了 。 ” 以 后 我 每 天 看 到 爸 爸 抽 烟 ， 我 很 生 气 。 因 为 爸 爸 抽 的 烟 头 ， 家 里 满 地 都 是 。
200510111540200778_2_1x1	流 行 歌 曲 有 很 多 种 ， 如 ： 悲 伤 的 、 快 乐 的 、 浪 漫 的 、 活 跃 的 等 。	NONE	NONE	C C C C C C C C C C C C C C C C C C C C C C C S S C C C	流 行 歌 曲 有 很 多 种 ， 如 ： 悲 伤 的 、 快 乐 的 、 浪 漫 的 、 欢 快 的 等 。
200307109523200342_2_7x2	我 想 现 在 的 科 学 发 展 非 常 快 ， 通 过 研 究 活 动 ， 可 以 解 决 化 学 污 染 。 虽 然 环 境 好 但 人 没 了 ， 这 有 什 么 用 呢 ? 我 想 最 重 要 的 就 是 人 的 生 命 ， 先 有 了 生 命 以 后 ， 想 别 的 事 情 才 对 的 。	NONE	NONE	C C C C C C C C C C C C C C C C C C C C C C C C C C C C M C C C C C C C C C C C C C C C C C C C C C C C C C C C C C C C C C C C C C C C C C C C C C R C	我 想 现 在 的 科 学 发 展 非 常 快 ， 通 过 研 究 活 动 ， 可 以 解 决 化 学 污 染 问 题 。 虽 然 环 境 好 但 人 没 了 ， 这 有 什 么 用 呢 ? 我 想 最 重 要 的 就 是 人 的 生 命 ， 先 有 了 生 命 以 后 ， 想 别 的 事 情 才 对 。
200209550523250849_2_1x1	对 代 沟 的 问 题 ， 我 举 个 我 家 情 况 来 表 达 我 的 意 见 吧 。	NONE	NONE	C C C C C C C C C C C C S S C C C C C C C C C	对 代 沟 的 问 题 ， 我 举 个 我 家 的 例 子 来 表 达 我 的 意 见 吧 。
200307109523200029_2_2x1	比 如 ， 使 用 化 肥 和 农 药 带 来 化 学 污 染 ， 还 有 有 的 地 方 缺 少 粮 食 而 挨 饿 现 象 。	NONE	NONE	C C C C C C C C C C C C C C C C C C C C C C C M C C C C C C M C C	比 如 ， 使 用 化 肥 和 农 药 带 来 化 学 污 染 ， 还 有 有 的 地 方 出 现 缺 少 粮 食 而 挨 饿 的 现 象 。
200105271525100096_2_1x1	去 年 暑 假 的 时 候 ， 我 去 了 贵 州 找 几 个 少 数 民 族 居 住 区 。	NONE	NONE	C C C C C C C C C C C C C R C C C C C C C C C C	去 年 暑 假 的 时 候 ， 我 去 了 贵 州 几 个 少 数 民 族 居 住 区 。
200505542542130002_2_1x1	所 以 我 认 为 最 理 想 的 结 交 方 式 莫 过 于 从 小 一 起 长 大 的 玩 伴 。 他 可 以 带 给 你 有 一 种 幸 福 感 、 安 全 感 、 满 足 感 ， 让 你 在 生 活 遇 到 什 么 困 难 也 不 再 害 怕 ， 甚 至 可 以 冲 破 一 切 的 困 难 。	NONE	NONE	C C C C C C C C C C C C C C C C C C C C C C R C C C C C C C C C R C C C C C C C C C C C C C C C C C C C M C C C C C C C C C C C C C C C C C C C C C C C	所 以 我 认 为 最 理 想 的 结 交 方 式 莫 过 于 从 小 一 起 长 大 。 他 可 以 带 给 你 一 种 幸 福 感 、 安 全 感 、 满 足 感 ， 让 你 在 生 活 中 遇 到 什 么 困 难 也 不 再 害 怕 ， 甚 至 可 以 冲 破 一 切 的 困 难 。
200504534533250031_2_1x2	男 女 合 拼 的 学 校 是 会 较 早 让 学 生 堕 入 情 网 。 忆 起 年 轻 的 我 ， 因 长 得 还 可 以 ， 当 时 就 被 学 校 的 男 同 学 追 求 。	NONE	NONE	C C S S C C C C C C C C C C C C C C C S C C C C C C C C C C C C C C C C C C C C C C C C C C	男 女 混 合 的 学 校 是 会 较 早 让 学 生 堕 入 情 网 。 回 忆 起 年 轻 的 我 ， 因 长 得 还 可 以 ， 当 时 就 被 学 校 的 男 同 学 追 求 。
200505522522210005_2_1x1	因 为 我 不 想 让 父 母 为 我 流 泪 而 难 过 ， 更 不 想 选 错 婚 姻 ， 到 了 终 生 得 不 到 幸 福 ， 也 不 想 遇 到 成 了 家 双 方 分 居 离 别 。	NONE	NONE	C C C C C C C C C C C C R C C C C C C C C C C C S S C C C C C C C C C C C S S C C C C C C C C C M	因 为 我 不 想 让 父 母 为 我 流 泪 难 过 ， 更 不 想 选 错 婚 姻 ， 以 免 终 生 得 不 到 幸 福 ， 也 不 想 遭 遇 成 了 家 双 方 分 居 离 别 的 不 幸 。
200105205525200071_2_2x5	我 的 朋 友 们 都 已 经 出 来 工 作 ， 要 么 结 婚 ， 没 有 像 我 还 在 读 书 的 。 有 一 天 ， 我 跟 我 的 朋 友 和 她 的 俩 个 小 孩 一 起 去 了 游 泳 。 在 我 最 喜 爱 的 大 海 里 ， 我 跟 她 们 玩 了 一 天 ， 我 很 开 心 ， 可 那 天 我 发 觉 了 一 个 事 情 。 我 的 朋 友 她 成 熟 了 很 多 ， 应 该 是 从 要 保 护 孩 子 的 责 任 感 来 的 吧 ， 不 像 我 只 管 自 己 就 好 ， 那 种 自 由 自 在 的 ， 她 有 对 孩 子 的 责 任 感 。 我 突 然 觉 得 我 是 太 小 孩 子 了 。	NONE	NONE	C C C C C C C C M C C C C C C C C M C C C C C C C C C C C C C C C C C C C C C C C S C C C C C C R C C C C C C C C C C C C C C C C C C C C C C C C C C C C C C C S S R C S C C C C C C C R C C C C C C C C C C C C C C C C C C C C C C C C C C C C C C C C C R R C C C C R C C C C C C C C C C C C C C C C C R C S S S C C	我 的 朋 友 们 都 已 经 要 么 出 来 工 作 ， 要 么 结 婚 了 ， 没 有 像 我 还 在 读 书 的 。 有 一 天 ， 我 跟 我 的 朋 友 和 她 的 两 个 小 孩 一 起 去 游 泳 。 在 我 最 喜 爱 的 大 海 里 ， 我 跟 她 们 玩 了 一 天 ， 我 很 开 心 ， 可 那 天 我 发 现 一 件 事 情 。 我 的 朋 友 成 熟 了 很 多 ， 应 该 是 从 要 保 护 孩 子 的 责 任 感 来 的 吧 ， 不 像 我 只 管 自 己 就 好 ， 自 由 自 在 ， 她 有 对 孩 子 的 责 任 感 。 我 突 然 觉 得 我 太 小 孩 子 气 了 。
200405109523201425_2_10x2	一 新 措 施 后 ， 如 今 ， 在 公 共 场 所 允 许 抽 烟 地 方 ， 抽 烟 人 越 来 越 少 了 。 这 个 时 也 帮 助 青 年 人 成 良 好 的 习 惯 , 而 且 环 境 越 来 越 好 , 还 是 人 们 的 身 体 也 越 来 越 健 康 了 , 抽 烟 人 也 越 来 越 改 变 的 。	NONE	NONE	M C C C M C C C C C C C C C C C C C M C C C C M C C C C C C C C R C C C C C C M C C C C C C C C C C M C C C C S S C C C C C C C C C C C C C C C M C R R R C C S C	这 一 新 措 施 实 施 后 ， 如 今 ， 在 公 共 场 所 允 许 抽 烟 的 地 方 ， 抽 烟 的 人 越 来 越 少 了 。 这 个 也 帮 助 青 年 人 养 成 良 好 的 习 惯 , 而 且 环 境 也 越 来 越 好 , 还 有 人 们 的 身 体 也 越 来 越 健 康 了 , 抽 烟 的 人 也 改 变 了 。
200510111523201263_2_2x1	很 多 歌 星 的 音 调 不 准 而 且 有 的 歌 星 做 假 唱 。	NONE	NONE	C C C C C C C C C C C C C C C R C C C	很 多 歌 星 的 音 调 不 准 而 且 有 的 歌 星 假 唱 。
200306680519150050_2_1x1	教 育 是 一 项 说 易 行 难 的 事 项 。	NONE	NONE	C C C C C C C C C C S S C	教 育 是 一 项 说 易 行 难 的 事 情 。
200307204523200076_2_1x1	第 二 是 自 然 界 有 享 有 在 世 界 上 生 存 下 去 的 权 力 。	NONE	NONE	C C C C C C R C C C C C C C C C C C S S C	第 二 是 自 然 界 享 有 在 世 界 上 生 存 下 去 的 权 利 。
200307204525200046_2_3x1	时 代 已 经 进 步 了 ， 人 们 开 始 讲 究 了 “ 绿 色 食 品 ” 。	NONE	NONE	C C C C C C C C C C C C C C R C C C C C C C	时 代 已 经 进 步 了 ， 人 们 开 始 讲 究 “ 绿 色 食 品 ” 。
200307205523100093_2_1x1	随 科 学 的 发 展 和 进 步 ， 我 们 人 类 的 生 活 也 有 大 大 的 改 善 和 变 化 。	NONE	NONE	C M C C C C C C C C C C C C C C C C C S S C C C C C C C	随 着 科 学 的 发 展 和 进 步 ， 我 们 人 类 的 生 活 也 有 了 很 大 的 改 善 和 变 化 。
200505522522210005_2_1x2	我 最 理 想 的 结 交 方 式 是 通 过 亲 戚 朋 友 的 介 绍 、 双 方 慢 慢 了 解 、 逐 渐 相 爱 之 后 才 愿 意 结 婚 。 我 认 为 男 女 最 初 通 过 他 们 的 介 绍 而 认 识 对 方 比 较 好 ， 因 为 这 样 父 母 也 愿 意 把 他 们 的 子 女 许 配 给 对 方 ， 子 女 最 初 相 识 慢 慢 培 养 感 情 之 后 才 结 婚 ， 才 能 得 到 真 正 的 幸 福 。	NONE	NONE	C M C C C C C C C C C C C C C C C C C C C C C C C C C C C C C C C S R R C C C C C C C C C C C C C C C C C C C C C C C C C C C C C C C C C C C C C C C C C C C C C C C C C R R R R C C C C C C C C S C C C C C C C C C C C C C	我 认 为 最 理 想 的 结 交 方 式 是 通 过 亲 戚 朋 友 的 介 绍 、 双 方 慢 慢 了 解 、 逐 渐 相 爱 之 后 再 结 婚 。 我 认 为 男 女 最 初 通 过 他 们 的 介 绍 而 认 识 对 方 比 较 好 ， 因 为 这 样 父 母 也 愿 意 把 他 们 的 子 女 许 配 给 对 方 ， 子 女 慢 慢 培 养 感 情 之 后 再 结 婚 ， 才 能 得 到 真 正 的 幸 福 。
200405109523200993_2_1x2	吸 烟 者 越 来 越 多 ， 而 且 开 始 吸 烟 的 年 龄 越 来 越 低 。 这 可 以 说 是 一 种 社 会 问 题 ， 因 为 吸 烟 给 个 人 和 社 会 不 好 的 影 响 。	NONE	NONE	C C C C C C C C C C C C C C C C C C C C S C C C C C C C C C C C C C C C C C M C C C C C M C C C C C	吸 烟 者 越 来 越 多 ， 而 且 开 始 吸 烟 的 年 龄 越 来 越 小 。 这 可 以 说 是 一 种 社 会 问 题 ， 因 为 吸 烟 会 给 个 人 和 社 会 带 来 不 好 的 影 响 。
200505109540201296_2_1x1	从 父 母 受 到 教 育 的 同 时 ， 孩 子 们 也 不 知 不 觉 地 跟 着 父 母 的 思 想 观 念 去 思 考 ， 观 察 父 母 的 行 为 举 止 而 同 样 也 那 样 做 。	NONE	NONE	R C C C C C C C C C C C C C C C C C C C C C C C C C C C C C C C C C C C C C C C C C C C C C C C C C	父 母 受 到 教 育 的 同 时 ， 孩 子 们 也 不 知 不 觉 地 跟 着 父 母 的 思 想 观 念 去 思 考 ， 观 察 父 母 的 行 为 举 止 而 同 样 也 那 样 做 。
200405109525101404_2_1x1	在 这 市 开 始 的 不 许 边 走 边 抽 烟 的 规 定 一 定 给 “ 所 有 的 人 ” 带 来 很 大 影 响 。	NONE	NONE	C C M C C M C C C C C C C C C C C C M C C C C C C C C C C C C C	在 这 个 市 开 始 实 施 的 不 许 边 走 边 抽 烟 的 规 定 一 定 会 给 “ 所 有 的 人 ” 带 来 很 大 影 响 。
200305576525200009_2_1x1	在 北 京 留 学 生 活 中 ， 对 我 来 说 最 害 怕 的 事 情 是 没 有 声 音 的 环 境 。	NONE	NONE	C C C M C C C C C C C C C C C C C C C C C C C C C C C C	在 北 京 的 留 学 生 活 中 ， 对 我 来 说 最 害 怕 的 事 情 是 没 有 声 音 的 环 境 。
200505109525201542_2_2x1	很 小 的 时 候 觉 到 得 自 己 的 父 母 是 个 完 美 的 人 ， 什 么 都 知 道 ， 他 们 做 的 东 西 时 总 是 对 的 。	NONE	NONE	C C C C C C R C C C C C C C R C C C C C C C C C C C C C C C S S R C C C C C	很 小 的 时 候 觉 得 自 己 的 父 母 是 完 美 的 人 ， 什 么 都 知 道 ， 他 们 做 的 事 情 总 是 对 的 。
200205205525200022_2_2x1	其 内 容 是 一 对 英 国 夫 妻 的 妻 子 因 得 了 不 治 之 病 而 希 望 她 的 丈 夫 帮 助 她 自 杀 。	NONE	NONE	C C C C C C C C C C M C C C C C C C C C C C C C C C C C C C C C C	其 内 容 是 一 对 英 国 夫 妻 中 的 妻 子 因 得 了 不 治 之 病 而 希 望 她 的 丈 夫 帮 助 她 自 杀 。
200510111540100976_2_5x1	如 果 你 烦 恼 或 者 身 上 发 生 不 称 心 的 事 情 时 ， 我 建 议 你 去 听 听 一 些 流 行 歌 曲 。	NONE	NONE	C C C C C C C R R C C C C C C C C R C C C C C C C C C C C C C C C	如 果 你 烦 恼 或 者 发 生 不 称 心 的 事 情 ， 我 建 议 你 去 听 听 一 些 流 行 歌 曲 。
200509534533250136_2_2x1	我 认 为 管 理 企 业 及 员 工 的 关 键 达 到 和 睦 和 纪 律 的 合 作 环 境 。	NONE	NONE	C C C C C C C C C C C C C S S C C C M C C C C C C C	我 认 为 管 理 企 业 及 员 工 的 关 键 在 于 和 睦 和 有 纪 律 的 合 作 环 境 。
200209550523250068_2_1x1	首 先 ， 我 们 应 考 虑 在 别 人 的 身 上 。	NONE	NONE	C C C C C C C C S S S S S S C	首 先 ， 我 们 应 考 虑 别 人 。
200510111523101097_2_2x1	在 美 国 有 一 次 流 行 过 死 之 赞 美 的 歌 曲 ， 其 声 音 和 歌 词 古 怪 ， 因 此 美 国 许 多 年 青 人 听 着 这 歌 开 枪 自 亡 。	NONE	NONE	C C C C C C C C C C C C C C C C C C C C C C C C C C C C C C C C C C C C C C C C C S S C	在 美 国 有 一 次 流 行 过 死 之 赞 美 的 歌 曲 ， 其 声 音 和 歌 词 古 怪 ， 因 此 美 国 许 多 年 青 人 听 着 这 歌 开 枪 自 杀 。
200505109634200017_2_1x3	我 很 同 意 这 个 说 法 ； 你 的 父 母 实 在 你 的 第 一 个 老 师 。 一 个 孩 子 一 出 生 就 开 始 受 到 父 母 亲 的 印 象 。 他 们 是 你 小 的 时 候 最 常 见 面 的 人 ， 所 以 你 很 自 然 地 会 受 到 很 深 的 印 象 。	NONE	NONE	C C C C C C C C C C C C C C C M C C C C C C C C C C C C C C C C C C C C C C C S S C C C C C C C C C C C C C C C C C C C C C C C C C C C C C S S C	我 很 同 意 这 个 说 法 ； 你 的 父 母 实 在 是 你 的 第 一 个 老 师 。 一 个 孩 子 一 出 生 就 开 始 受 到 父 母 亲 的 影 响 。 他 们 是 你 小 的 时 候 最 常 见 面 的 人 ， 所 以 你 很 自 然 地 会 受 到 很 深 的 影 响 。
200307217510200129_2_1x2	虽 然 因 吃 了 使 用 过 化 肥 和 农 药 的 农 作 物 危 害 人 体 健 康 的 例 子 时 有 发 生 ， 但 总 比 失 去 几 亿 人 的 宝 贵 的 生 命 来 得 重 要 。 这 是 目 前 最 有 效 解 决 粮 食 不 足 问 题 的 方 法 。	NONE	NONE	C C C C C C C C C C C C C C C C C M C C C C C C C C C C C C C C C C C C C C C C C C C C C C C C C C C C C C C C C M C C C C C C C C C C C	虽 然 因 吃 了 使 用 过 化 肥 和 农 药 的 农 作 物 而 危 害 人 体 健 康 的 例 子 时 有 发 生 ， 但 总 比 失 去 几 亿 人 的 宝 贵 的 生 命 来 得 重 要 。 这 是 目 前 最 有 效 的 解 决 粮 食 不 足 问 题 的 方 法 。
200509534533250004_2_1x1	在 1 9 岁 的 暑 假 ， 本 人 曾 在 一 间 服 装 厂 当 广 告 设 计 师 ， 所 以 对 这 方 面 有 经 验 。	NONE	NONE	C C C C C C C C C C C C C S C C C C C C C C C C C C S C C C C C C C	在 1 9 岁 的 暑 假 ， 本 人 曾 在 一 家 服 装 店 当 广 告 设 计 师 ， 所 以 在 这 方 面 有 经 验 。
200210529529151015_2_6x2	， 从 我 小 小 的 家 庭 中 就 发 生 此 类 问 题 。 由 于 母 亲 是 古 老 思 想 ， 不 曾 受 过 任 何 正 统 的 教 育 ， 与 子 女 沟 通 起 来 实 是 一 件 困 难 的 事 ， 更 何 况 目 前 科 学 一 日 千 里 之 时 ， 有 些 时 候 与 父 母 了 解 事 情 ， 总 是 没 那 么 顺 利 ， 因 为 老 人 思 想 不 开 放 、 因 而 导 致 种 种 误 解 。	NONE	NONE	C S C C C C C C C C C C C C C C C C C C C C S S C C C C C C C C C C C C C C C C C C C C C C S C C C C C C C C C C C C C C C C C C C R R C C C C C C C C S S C C C C C C C C C C C C C C C C C C C C C C C C C C C C C C	， 在 我 小 小 的 家 庭 中 就 发 生 此 类 问 题 。 由 于 母 亲 是 古 板 思 想 ， 不 曾 受 过 任 何 正 统 的 教 育 ， 与 子 女 沟 通 起 来 实 在 是 一 件 困 难 的 事 ， 更 何 况 目 前 科 学 一 日 千 里 ， 有 些 时 候 与 父 母 商 量 事 情 ， 总 是 没 那 么 顺 利 ， 因 为 老 人 思 想 不 开 放 、 因 而 导 致 种 种 误 解 。
200505680519250020_2_2x1	但 是 ， 二 十 一 世 纪 的 今 天 ， 离 婚 率 节 节 上 升 ， 有 谁 还 能 胆 敢 口 口 声 声 大 喊 婚 姻 不 是 儿 戏 ？	NONE	NONE	C C C C C C C C C C C C C C C C C C C C C C C R S S C C C C C C C C C C C C C	但 是 ， 二 十 一 世 纪 的 今 天 ， 离 婚 率 节 节 上 升 ， 有 谁 还 敢 口 口 声 声 大 喊 婚 姻 不 是 儿 戏 ？
200105206635100038_2_1x1	现 在 我 是 大 学 生 ， 学 习 时 间 之 内 我 度 过 不 少 假 期 。	NONE	NONE	C C C C C C C C C C C C C C C C C M C C C C	现 在 我 是 大 学 生 ， 学 习 时 间 之 内 我 度 过 了 不 少 假 期 。
200510529529251035_2_1x1	但 是 后 来 我 在 报 纸 看 到 他 们 四 个 人 为 了 贸 易 情 况 ， 有 时 散 了 ， 有 时 又 集 合 了 ， 他 们 的 这 种 现 象 ， 把 我 崇 拜 他 们 的 思 想 ， 慢 慢 的 解 散 了 ， 对 他 们 的 歌 声 也 没 什 么 意 义 了 。	NONE	NONE	C C C C C C C C M C C C C C C S S C C C C C C C C C C C C C S S C C C C C C C C C C C C C C C C C C C C C C C C C C C C C C C C C C M C C C C C C	但 是 后 来 我 在 报 纸 上 看 到 他 们 四 个 人 因 为 贸 易 情 况 ， 有 时 散 了 ， 有 时 又 和 好 了 ， 他 们 的 这 种 现 象 ， 把 我 崇 拜 他 们 的 思 想 ， 慢 慢 的 解 散 了 ， 对 他 们 的 歌 声 也 感 觉 没 什 么 意 义 了 。
200505204525200025_2_2x1	因 为 孩 子 经 常 父 母 的 行 动 。	NONE	NONE	C C C C C C M C C C C C	因 为 孩 子 经 常 看 父 母 的 行 动 。
200307302523100119_2_1x2	因 为 以 后 的 世 界 ， 应 该 现 在 的 青 少 年 要 担 任 。 但 他 们 都 饿 死 的 话 ， 谁 会 担 任 以 后 的 世 界 呢 ？	NONE	NONE	C C C C C C C C C C M C C C C C R S S C C C C C C C C C C C C S S C C C C C C C	因 为 以 后 的 世 界 ， 应 该 由 现 在 的 青 少 年 承 担 。 但 他 们 都 饿 死 的 话 ， 谁 会 承 担 以 后 的 世 界 呢 ？
200307302523100119_2_2x1	虽 然 使 用 化 肥 和 农 药 ， 有 可 能 害 人 的 健 康 。	NONE	NONE	C C C C C C C C C C C C C S C C C C C	虽 然 使 用 化 肥 和 农 药 ， 有 可 能 损 害 人 的 健 康 。
200307205525100021_2_1x2	这 个 环 保 活 动 是 我 们 公 司 有 一 家 客 户 索 尼 要 求 我 们 不 要 给 他 们 索 尼 提 供 污 染 环 保 的 东 西 。 因 此 我 们 在 公 司 内 调 查 了 所 有 跟 环 保 污 染 的 东 西 。	NONE	NONE	C C C C C C C C C C C S C C C C C C C C C C C C C C C C C C C C C R R C C C C C C C C C C C C C C C C C C R R C C M C C C	这 个 环 保 活 动 是 我 们 公 司 的 一 家 客 户 索 尼 要 求 我 们 不 要 给 他 们 索 尼 提 供 污 染 的 东 西 。 因 此 我 们 在 公 司 内 调 查 了 所 有 跟 污 染 有 关 的 东 西 。
200205205525200106_2_1x1	在 我 国 家 ， 安 乐 死 也 是 一 个 重 大 的 谈 论 话 题 。	NONE	NONE	C C M C C C C C C C C C C C C C C C C C	在 我 的 国 家 ， 安 乐 死 也 是 一 个 重 大 的 谈 论 话 题 。
200505217525200059_2_1x1	我 母 亲 是 很 开 朗 的 女 。	NONE	NONE	C C C C M C C C S C	我 母 亲 是 个 很 开 朗 的 女 人 。
200505109525202349_2_6x1	如 果 你 不 知 道 将 来 你 应 该 丢 面 ” 。	NONE	NONE	C C C C C C C C C S S C C M C	如 果 你 不 知 道 将 来 你 会 丢 面 子 ” 。
200307109540100600_2_1x1	当 然 ， 如 果 能 在 保 持 饥 饿 问 题 也 同 时 使 用 科 技 来 发 展 绿 色 食 品 那 是 一 举 两 得 的 解 决 方 法 。	NONE	NONE	C C C C C C C S S C C C C S C C C C C C C C C C C C C C C C C C C C C C C C C	当 然 ， 如 果 能 在 解 决 饥 饿 问 题 的 同 时 使 用 科 技 来 发 展 绿 色 食 品 那 是 一 举 两 得 的 解 决 方 法 。
200105550523150151_2_1x1	因 为 那 时 候 我 不 懂 事 ， 很 冲 动 地 对 应 所 有 的 事 。	NONE	NONE	C C C C C C C C C C C C C C S S C C C C C	因 为 那 时 候 我 不 懂 事 ， 很 冲 动 地 对 待 所 有 的 事 。
200410534533250031_2_1x1	目 前 的 社 会 ， 人 们 大 多 都 受 过 较 高 的 教 育 ， 教 育 水 平 提 高 ， 思 想 也 较 成 熟 ， 男 女 双 方 初 相 识 ， 他 们 一 般 只 是 想 结 识 多 一 些 异 性 朋 友 ， 大 家 空 余 时 间 能 聚 在 一 起 喝 喝 咖 啡 ， 或 上 酒 廊 听 歌 喝 杯 红 酒 ， 这 是 时 下 我 国 一 般 年 轻 人 工 作 后 的 交 友 方 式 。	NONE	NONE	C C C C C C C C C C C C C C C C C C C M C C C C C C C C C C C C C C C C C C C C C C C C C C C C C C C C C C C C C C C C C C C C C C C C C C C C C C C C C C C C C C C C C C C C C C C C C C C C C C C C C C C C C	目 前 的 社 会 ， 人 们 大 多 都 受 过 较 高 的 教 育 ， 受 教 育 水 平 提 高 ， 思 想 也 较 成 熟 ， 男 女 双 方 初 相 识 ， 他 们 一 般 只 是 想 结 识 多 一 些 异 性 朋 友 ， 大 家 空 余 时 间 能 聚 在 一 起 喝 喝 咖 啡 ， 或 上 酒 廊 听 歌 喝 杯 红 酒 ， 这 是 时 下 我 国 一 般 年 轻 人 工 作 后 的 交 友 方 式 。
200405109919101541_2_1x2	坏 官 员 肯 定 有 一 个 不 屑 一 顾 的 态 度 。 怎 么 把 规 定 实 行 好 ， 真 的 是 政 府 最 难 解 决 的 事 情 ， 是 巨 大 的 挑 斗 。 不 能 让 这 个 规 定 变 为 废 物 。	NONE	NONE	C C C C C S R R C C C C C C C C C C C C C C C C C C C C C C C C C C C C C C C C C C S S C C C C C C C C C C S S C	坏 官 员 肯 定 持 不 屑 一 顾 的 态 度 。 怎 么 把 规 定 实 行 好 ， 真 的 是 政 府 最 难 解 决 的 事 情 ， 是 巨 大 的 挑 战 。 不 能 让 这 个 规 定 变 为 废 纸 。
200105550523250362_2_5x3	上 大 学 时 真 的 不 能 了 解 你 们 管 我 管 得 那 么 严 格 。 但 ， 有 了 女 儿 就 慢 慢 儿 了 解 你 们 。 我 真 对 不 起 你 们 ， 生 长 时 不 懂 事 ， 长 大 后 有 自 己 的 事 忙 得 团 团 转 。	NONE	NONE	C C C C C C C C S S C C C C C C C C C C C C C C C C C C C C C S S M C C C C C C C C C C S S S C C C C C C C C C C C C C C C C C C	上 大 学 时 真 的 不 能 理 解 你 们 管 我 管 得 那 么 严 格 。 但 ， 有 了 女 儿 就 慢 慢 儿 理 解 了 你 们 。 我 真 对 不 起 你 们 ， 小 时 候 不 懂 事 ， 长 大 后 有 自 己 的 事 忙 得 团 团 转 。
200405204525200146_2_3x1	吸 烟 者 的 患 肺 病 率 很 高 ， 再 说 他 们 的 寿 命 比 不 吸 烟 者 短 一 点 。	NONE	NONE	C C C R C C C S C C C C C C C C C C C C C C C C C C C	吸 烟 者 患 肺 病 的 比 率 很 高 ， 再 说 他 们 的 寿 命 比 不 吸 烟 者 短 一 点 。
200210540540150113_2_1x1	随 着 世 界 的 经 济 科 技 的 进 展 ， 人 们 为 在 物 质 上 的 追 求 ， 进 行 了 你 死 我 活 的 博 斗 。	NONE	NONE	C C C C C R C M C C S S C C C C S C C C C C C C C C C C C C C C S S C	随 着 世 界 经 济 和 科 技 的 发 展 ， 人 们 为 了 物 质 上 的 追 求 ， 进 行 了 你 死 我 活 的 搏 斗 。
200105550523250329_2_1x1	视 ！	NONE	NONE	S C	敬 礼 ！
200505215519230112_2_3x2	从 小 就 观 察 爸 爸 如 何 从 信 封 里 剪 下 邮 票 , 直 到 把 它 珍 藏 在 邮 票 薄 子 里 。 除 此 之 外 爸 爸 还 传 授 我 不 少 邮 票 里 的 知 识 ， 从 国 家 地 理 、 历 史 、 人 物 至 天 学 历 史 , 包 罗 万 象 ， 从 小 在 我 幼 年 时 期 留 下 深 刻 的 印 象 。	NONE	NONE	M C C C C C C C C C C C C C C C C C C C C C C C C C C C C C C C C C C C C C C C C C C C C C C C C C C C C C C C C C C C C C S S C C C C C C C C R R C C C C C C C C C C C C C C	我 从 小 就 观 察 爸 爸 如 何 从 信 封 里 剪 下 邮 票 , 直 到 把 它 珍 藏 在 邮 票 薄 子 里 。 除 此 之 外 爸 爸 还 传 授 我 不 少 邮 票 里 的 知 识 ， 从 国 家 地 理 、 历 史 、 人 物 至 天 文 历 史 , 包 罗 万 象 ， 在 我 幼 年 时 期 留 下 深 刻 的 印 象 。
200304131525200181_2_1x1	我 来 中 国 学 习 汉 语 的 原 因 是 我 上 高 中 看 见 了 一 本 小 说 ， 那 本 小 说 的 主 公 人 是 日 本 人 ， 他 的 朋 友 是 中 国 人 ， 他 们 俩 一 起 交 流 的 时 间 很 短 ， 不 过 他 们 一 生 不 忘 掉 对 方 的 存 在 。	NONE	NONE	C C C C C C C C C C C C C C C C S S C C C C C C C C C C C C C C C C C C C C C C C C C C C C C C C C C C C C C C C C C C C C C C C S C C C C C C C C	我 来 中 国 学 习 汉 语 的 原 因 是 我 上 高 中 时 看 了 一 本 小 说 ， 那 本 小 说 的 主 公 人 是 日 本 人 ， 他 的 朋 友 是 中 国 人 ， 他 们 俩 一 起 交 流 的 时 间 很 短 ， 不 过 他 们 一 生 没 有 忘 掉 对 方 的 存 在 。
200505204525200073_2_1x1	我 在 小 学 的 时 候 ， 我 父 母 亲 经 常 带 我 去 旅 游 。	NONE	NONE	C R C C C C C C C C C C C C C C C C C C	我 小 学 的 时 候 ， 我 父 母 亲 经 常 带 我 去 旅 游 。
200405109523101017_2_1x2	吸 烟 是 毒 一 种 麻 药 。 不 好 的 应 该 世 界 上 消 失 。	NONE	NONE	C C C M M C C C C C C C M C M C C C C C	吸 烟 是 有 毒 的 一 种 麻 药 。 不 好 的 东 西 应 该 从 世 界 上 消 失 。
200210540540250019_2_1x1	孩 子 们 是 生 活 在 第 二 廿 世 纪 末 ， 二 廿 一 世 纪 里 ， 还 是 在 第 三 个 千 百 年 呢 ！	NONE	NONE	C C C R C C C R C S C C C C C S C C C C C C C C C C C C C C C C	孩 子 们 生 活 在 二 十 世 纪 末 ， 二 十 一 世 纪 里 ， 还 是 在 第 三 个 千 百 年 呢 ！
200410534610150049_2_3x2	如 果 双 方 都 有 良 好 的 影 想 ， 我 们 可 以 发 现 同 样 的 兴 趣 ， 接 近 的 想 法 和 生 活 方 式 ， 逐 渐 相 爱 。 肯 定 是 很 好 的 始 。	NONE	NONE	C C C C C C C C C S S C C C M C C C C C C C C C C C C C C C C C C C C C C C C C M C C C C C S C	如 果 双 方 都 有 良 好 的 印 象 ， 我 们 就 可 以 发 现 同 样 的 兴 趣 ， 接 近 的 想 法 和 生 活 方 式 ， 逐 渐 相 爱 。 这 肯 定 是 很 好 的 开 始 。
200209550523250282_2_4x2	我 们 的 爸 妈 度 过 小 、 青 年 时 ， 每 个 生 活 品 很 不 足 。 所 以 他 们 常 常 听 到 自 己 父 母 的 节 省 一 切 的 管 教 , 但 目 前 的 年 轻 人 正 在 度 过 生 活 环 境 与 父 母 截 然 不 同 。	NONE	NONE	C C C C C C C S C C C C C R R C C S C C C C C C C C C C C C C C C C C C C C C C C C C C C C C C C C R R S S M C C C C C C C C C C C	我 们 的 爸 妈 度 过 童 年 、 青 年 时 ， 生 活 质 量 很 不 足 。 所 以 他 们 常 常 听 到 自 己 父 母 的 节 省 一 切 的 管 教 , 但 目 前 的 年 轻 人 所 处 的 生 活 环 境 与 父 母 截 然 不 同 。
200505522522110011_2_1x1	我 觉 得 亲 戚 朋 友 介 绍 或 是 自 己 所 追 求 ， 慢 慢 了 解 逐 渐 相 爱 这 样 最 为 理 想 。 因 为 现 代 社 会 寻 求 知 识 追 求 自 己 的 理 想 的 年 轻 人 越 来 越 多 。 不 论 男 女 都 有 自 己 梦 要 去 实 现 ， 所 以 在 这 一 路 上 能 有 一 个 彼 此 了 解 的 伴 走 下 去 ， 这 样 生 活 会 更 充 满 幸 福 。 只 有 慢 慢 了 解 彼 此 ， 在 这 段 时 间 坦 白 地 面 对 生 活 社 会 ， 未 来 找 到 了 共 同 点 愿 意 向 对 方 付 出 或 一 起 努 力 ， 这 样 结 合 在 一 起 才 会 永 久 。 因 为 我 曾 看 到 很 多 不 快 乐 的 家 庭 ， 是 因 为 两 个 的 思 想 学 识 有 很 大 区 别 ， 所 以 使 婚 姻 破 裂 一 切 不 快 乐 的 事 ， 却 受 在 无 辜 的 孩 子 身 上 。	NONE	NONE	C C C C C C C C C C C C C R C C C C C C C C C C C C C C C C C C C C C C C C C C C C C C C C C C C C C C C C C C C C C C C C C C C C M C C C C C C C C C C C C C C C C C C C C C C C C C C C C C C C C R R C C C C C C C C C C C C C C C C C M C C C C C C C C C C C C C C C C C C C C C C C C C C C C C C C C C C C C C C C C C C C C C C C C C C C C C C C C C C C C C C C C C C C C C C C C C C C C C C C C C C C C C C C C C S C C C C C C C C C	我 觉 得 亲 戚 朋 友 介 绍 或 是 自 己 追 求 ， 慢 慢 了 解 逐 渐 相 爱 这 样 最 为 理 想 。 因 为 现 代 社 会 寻 求 知 识 追 求 自 己 的 理 想 的 年 轻 人 越 来 越 多 。 不 论 男 女 都 有 自 己 的 梦 要 去 实 现 ， 所 以 在 这 一 路 上 能 有 一 个 彼 此 了 解 的 伴 走 下 去 ， 这 样 生 活 会 更 幸 福 。 只 有 慢 慢 了 解 彼 此 ， 在 这 段 时 间 内 坦 白 地 面 对 生 活 社 会 ， 未 来 找 到 了 共 同 点 愿 意 向 对 方 付 出 或 一 起 努 力 ， 这 样 结 合 在 一 起 才 会 永 久 。 因 为 我 曾 看 到 很 多 不 快 乐 的 家 庭 ， 是 因 为 两 个 的 思 想 学 识 有 很 大 区 别 ， 所 以 使 婚 姻 破 裂 一 切 不 快 乐 的 事 ， 却 发 生 在 无 辜 的 孩 子 身 上 。
200105550523150151_2_1x1	我 看 ， 这 是 我 第 一 次 给 您 们 写 信 了 。	NONE	NONE	C C C C C C C C C C C C C C R C	我 看 ， 这 是 我 第 一 次 给 您 们 写 信 。
200509534533150159_2_1x1	本 人 一 年 前 因 一 些 个 人 缘 故 ， 辞 退 了 在 新 加 坡 旅 游 局 工 作 四 年 的 一 职 。	NONE	NONE	C C C C C C C C C C C C C C C C C C C C C C C C C C C C S S C	本 人 一 年 前 因 一 些 个 人 缘 故 ， 辞 退 了 在 新 加 坡 旅 游 局 工 作 四 年 的 职 位 。
200505109525100710_2_3x2	父 亲 工 作 非 常 忙 ， 一 般 他 晚 上 九 点 十 点 才 回 来 。 但 是 他 在 家 里 没 说 自 己 辛 苦 的 心 情 。	NONE	NONE	C C C C C C C C C C C C C C C C C C C C C C C C C C C S C C C C C R R R C	父 亲 工 作 非 常 忙 ， 一 般 他 晚 上 九 点 十 点 才 回 来 。 但 是 他 在 家 里 不 说 自 己 辛 苦 。
200210540540150093_2_1x3	代 沟 问 题 通 常 出 现 在 婆 媳 之 间 ， 常 常 为 了 双 方 对 某 某 事 情 的 观 点 不 一 ， 但 其 出 发 点 总 是 好 的 。 起 先 做 媳 妇 还 能 忍 气 吞 声 ， 大 事 化 小 ， 小 事 化 无 ， 久 而 久 之 ， 做 媳 妇 的 感 到 婆 婆 怎 样 反 而 步 步 紧 逼 ， 不 通 情 理 ， 后 来 进 而 埋 怨 做 丈 夫 的 不 能 主 持 公 道 。 在 媳 妇 眼 里 觉 得 丈 夫 总 是 顺 着 母 亲 ， 不 吭 声 ； 而 在 母 亲 一 方 呢 ， 总 觉 得 儿 子 变 了 ， 媳 妇 错 了 也 不 敢 讲 。	NONE	NONE	C C C C C C C C C C C C C C C C S S C C C C C C C C C C C C C C C C C C C C C C C C C C C C C C C C C C C C C C C C C C C C C C C C C C C C C C C C C C R R C C C C C C C C C C C C C C R R C C C C C C C C C C C C C C C C C C C C C C C C C C C C C C C C C C C C C C C C C C C C C C C C C C C C C C C C C C	代 沟 问 题 通 常 出 现 在 婆 媳 之 间 ， 常 常 因 为 双 方 对 某 某 事 情 的 观 点 不 一 ， 但 其 出 发 点 总 是 好 的 。 起 先 做 媳 妇 还 能 忍 气 吞 声 ， 大 事 化 小 ， 小 事 化 无 ， 久 而 久 之 ， 做 媳 妇 的 感 到 婆 婆 反 而 步 步 紧 逼 ， 不 通 情 理 ， 后 来 埋 怨 做 丈 夫 的 不 能 主 持 公 道 。 在 媳 妇 眼 里 觉 得 丈 夫 总 是 顺 着 母 亲 ， 不 吭 声 ； 而 在 母 亲 一 方 呢 ， 总 觉 得 儿 子 变 了 ， 媳 妇 错 了 也 不 敢 讲 。
200307201523100021_2_3x1	所 以 要 享 受   更 美 丽 的 生 活 。	NONE	NONE	C C C C C C C S S C C C C	所 以 要 享 受   更 美 好 的 生 活 。
200209550523150858_2_2x1	如 果 父 母 们 不 答 应 子 女 们 想 做 的 话 ， 在 这 里 ， 子 女 们 也 会 认 为 父 母 们 都 不 喜 欢 我 ， 所 以 父 母 们 一 定 要 答 应 子 女 们 想 做 的 东 西 。	NONE	NONE	C C C C C C C C C C C C C M C C C C C C C C C C C C C C C C C C C C S C C C C C C C C C C C C C C C C C S S C	如 果 父 母 们 不 答 应 子 女 们 想 做 的 事 情 的 话 ， 在 这 里 ， 子 女 们 也 会 认 为 父 母 们 都 不 喜 欢 自 己 ， 所 以 父 母 们 一 定 要 答 应 子 女 们 想 做 的 事 情 。
200505109525202469_2_7x1	她 很 老 实 ， 恨 自 私 。	NONE	NONE	C C C C C S C C C	她 很 老 实 ， 讨 厌 自 私 。
200510302523100213_2_5x1	说 明 了 流 行 音 乐 对 社 会 没 有 一 点 利 益 。	NONE	NONE	M C C C C C C C C C C C C C S S C	这 说 明 了 流 行 音 乐 对 社 会 没 有 一 点 好 处 。
200504534533150152_2_2x2	我 是 以 中 立 场 的 身 份 来 仔 细 地 看 待 这 个 问 题 。 我 同 意 也 不 同 意 男 女 应 该 发 班 。	NONE	NONE	C C C S S S C C C C C C C C C C C C C M C M C C C C C C C C C S C C	我 是 以 中 立 者 的 身 份 来 仔 细 地 看 待 这 个 问 题 的 。 我 既 同 意 也 不 同 意 男 女 应 该 分 班 。
200305533533250039_2_1x1	我 最 近 读 的 书 之 中 ， 有 一 本 我 觉 得 有 意 思 的 一 本 书 ， 哪 就 是 《 哈 利 波 特 》 。	NONE	NONE	C C C C C C C C C C C C C C C C C C C R R C C S C C C C C C C C C	我 最 近 读 的 书 之 中 ， 有 一 本 我 觉 得 有 意 思 的 书 ， 那 就 是 《 哈 利 波 特 》 。
200505522522210009_2_1x1	这 样 的 爱 情 很 值 得 珍 惜 ， 认 识 他 后 我 就 说 今 生 除 了 他 ， 在 我 心 中 ， 谁 都 不 能 再 有 这 个 地 位 ， 我 自 己 默 默 的 许 给 了 他 ， 不 幸 的 是 我 们 见 面 只 有 六 天 就 离 开 了 ， 到 现 在 都 还 未 再 见 ， 我 一 直 在 说 我 会 待 他 的 再 次 出 现 和 相 遇 ， 因 为 我 一 直 相 信 缘 分 。 其 他 的 介 绍 认 识 、 两 人 慢 慢 培 养 感 情 都 没 有 这 种 好 。	NONE	NONE	C C C C C C C C C C C C C C C C C C C C C C C C C C C C C C C C C C C C C C C C C C C C C S C C C C C C C C C C C C C C C C C C S S C C C C C C C C C C C C C C C C C C S C C C C C C C C C C C C C C C C C C C C C C C C C C C C C C C C C C C C C C C C C C C	这 样 的 爱 情 很 值 得 珍 惜 ， 认 识 他 后 我 就 说 今 生 除 了 他 ， 在 我 心 中 ， 谁 都 不 能 再 有 这 个 地 位 ， 我 自 己 默 默 地 许 给 了 他 ， 不 幸 的 是 我 们 见 面 只 有 六 天 就 分 开 了 ， 到 现 在 都 还 未 再 见 ， 我 一 直 在 说 我 会 等 待 他 的 再 次 出 现 和 相 遇 ， 因 为 我 一 直 相 信 缘 分 。 其 他 的 介 绍 认 识 、 两 人 慢 慢 培 养 感 情 都 没 有 这 种 好 。
200405109525200119_2_1x2	其 次 ， 对 公 众 利 益 的 角 度 来 看 ， 我 认 为 有 两 种 好 处 。 第 一 ， 边 走 边 抽 的 人 常 常 把 完 的 烟 随 便 扔 掉 ， 从 此 街 上 的 环 境 越 来 越 不 好 。	NONE	NONE	C C C S C C C C C C C C C C C C C C C C C C C C C C C C C C C C C C C M C C C C C C C C C C C C C C C C C C C C	其 次 ， 从 公 众 利 益 的 角 度 来 看 ， 我 认 为 有 两 种 好 处 。 第 一 ， 边 走 边 抽 的 人 常 常 把 吸 完 的 烟 随 便 扔 掉 ， 从 此 街 上 的 环 境 越 来 越 不 好 。
200205212525200016_2_4x1	有 些 国 家 在 法 律 上 把 安 乐 死 是 杀 人 罪 的 。	NONE	NONE	C C C C C C C C S C C C C C C C R C	有 些 国 家 在 法 律 上 认 定 安 乐 死 是 杀 人 罪 。
200105550523150055_2_7x2	当 然 了 解 您 的 看 法 ， 您 常 常 劝 我 用 功 学 习 ， 然 后 希 望 我 在 这 世 界 成 当 真 正 的 人 才 。 妈 ， 我 听 您 的 话 ， 我 毕 业 以 后 ， 要 找 跟 中 国 贸 易 有 关 的 部 门 ， 以 后 我 要 给 韩 中 两 国 良 好 的 益 利 ， 我 可 有 信 心 呢 ！	NONE	NONE	C C C C C C C C C C C C C C C C C C C C C C C C C C C C C S C C C C C C C C C C C C C C C C C C C C C C C C C C C C C C C C C C C C C C C C C C C C C S S C C C C C C C C	当 然 了 解 您 的 看 法 ， 您 常 常 劝 我 用 功 学 习 ， 然 后 希 望 我 在 这 世 界 成 为 真 正 的 人 才 。 妈 ， 我 听 您 的 话 ， 我 毕 业 以 后 ， 要 找 跟 中 国 贸 易 有 关 的 部 门 ， 以 后 我 要 给 韩 中 两 国 良 好 的 利 益 ， 我 可 有 信 心 呢 ！
200105550523250355_2_2x1	母 亲 节 前 一 天 我 为 了 买 妈 妈 和 爸 爸 找 遍 了 很 多 商 店 。	NONE	NONE	C C C C C C C C C C C C M C C C R C C C C C C	母 亲 节 前 一 天 我 为 了 买 妈 妈 的 礼 物 和 爸 爸 找 了 很 多 商 店 。
200410534533250130_2_2x1	但 ， 我 觉 得 最 理 想 的 方 式 就 是 从 小 一 起 长 大 、 一 起 同 甘 共 苦 而 自 然 地 走 到 爱 情 的 路 上 的 一 对 男 女 。	NONE	NONE	C C C C C C C C C C C C C C C C C C C C C C C C C C C C C C C C C C C C C R R R R R C	但 ， 我 觉 得 最 理 想 的 方 式 就 是 从 小 一 起 长 大 、 一 起 同 甘 共 苦 而 自 然 地 走 到 爱 情 的 路 上 。
106	所 以 我 感 到 非 常 吃 惊 了 。	NONE	NONE	C C C C C C C C C R C	所 以 我 感 到 非 常 吃 惊 。
107	我 第 一 次 喝 了 绍 兴 酒 。	NONE	NONE	C C C C C R C C C C	我 第 一 次 喝 绍 兴 酒 。
117	你 是 我 的 最 好 的 朋 友 吧 。	NONE	NONE	C C C R C C C C C C C	你 是 我 最 好 的 朋 友 吧 。
4132	我 会 我 的 爷 爷 和 奶 奶 也 我 的 狗 面 见 。	NONE	NONE	C C M C C C C C C S C C C S S C	我 会 与 我 的 爷 爷 和 奶 奶 以 及 我 的 狗 见 面 。
4149	控 制 用 不 着 ， 放 开 控 制 也 用 不 着 。	NONE	NONE	C C S S S C S S C C C S S S C	控 制 不 行 ， 不 控 制 也 不 行 。
4162	首 先 ， 两 位 当 地 官 员 过 来 看 我 们 ， 通 知 他 们 ， 在 调 查 我 们 的 房 东 。	NONE	NONE	C C C C C C C C C C C S C C C S S S S C M C C C C C C C C	首 先 ， 两 位 当 地 官 员 过 来 找 我 们 ， 告 知 我 们 ， 他 们 在 调 查 我 们 的 房 东 。
4171	我 们 早 上 七 点 半 出 去 了 ， 八 点 上 了 车 ， 八 点 半 在 佛 罗 伦 萨 下 了 车 。	NONE	NONE	C C C C C C C S S S C C C C C C C C C C C C C C C C C C C	我 们 早 上 七 点 半 出 发 ， 八 点 上 了 车 ， 八 点 半 在 佛 罗 伦 萨 下 了 车 。
4193	他 给 我 照 片 ， 所 以 我 现 在 饿 死 了 。	NONE	NONE	C C C M C C C C C C C M C C C	他 给 我 看 照 片 ， 所 以 我 现 在 感 觉 快 饿 死 了 。
4194	我 羡 慕 上 海 人 ， 他 们 每 天 可 以 吃 非 常 好 吃 的 包 子 。	NONE	NONE	C C C C C C C M C C C C C C M C C C C C C C	我 羡 慕 上 海 人 ， 因 为 他 们 每 天 可 以 吃 到 非 常 好 吃 的 包 子 。
4254	呢 么 你 得 加 油 阿 。	NONE	NONE	S S C C C C S C	那 么 你 得 加 油 啊 。
4287	早 上 地 学 习 能 提 高 记 忆 力 ， 而 且 我 上 课 也 不 会 迟 到 。	NONE	NONE	C C R C C C C C C C C C C C C C C C C C C C C	早 上 学 习 能 提 高 记 忆 力 ， 而 且 我 上 课 也 不 会 迟 到 。
4335	我 是 一 个 后 进 生 ， 没 有 并 劲 ， 没 有 理 想 。	NONE	NONE	C C C C C C C C C C S S C C C C C C	我 是 一 个 后 进 生 ， 没 有 拼 劲 ， 没 有 理 想 。
4336	只 愿 意 了 天 天 过 得 无 灾 无 难 。	NONE	NONE	C C C R C C C C C C C C C	只 愿 意 天 天 过 得 无 灾 无 难 。
4350	比 如 说 ， 路 上 看 到 穷 人 或 者 无 家 的 动 物 的 时 候 我 心 里 什 么 感 觉 都 没 有 。	NONE	NONE	C C C C C C C C C C C C S C C C C C C C C C C C C C C C C C C	比 如 说 ， 路 上 看 到 穷 人 或 者 没 有 家 的 动 物 的 时 候 我 心 里 什 么 感 觉 都 没 有 。
4373	几 乎 所 有 的 树 都 排 除 了 ，	NONE	NONE	C C C C C C C S S C C	几 乎 所 有 的 树 都 被 砍 了 ，
4392	所 以 呢 ， 我 决 心 看 中 国 的 电 视 剧 ， 找 一 找 什 么 是 有 意 思 的 。	NONE	NONE	C C C C C S S C C C C C C C C C C C C C C C C C C C	所 以 呢 ， 我 决 定 看 中 国 的 电 视 剧 ， 找 一 找 什 么 是 有 意 思 的 。
4435	但 是 她 的 心 态 一 直 很 积 极 ， 记 性 像 我 年 轻 人 一 样 强 。	NONE	NONE	C C C C C C C C C C C C C C C C M C C C C C C	但 是 她 的 心 态 一 直 很 积 极 ， 记 性 像 我 这 样 的 年 轻 人 一 样 强 。
4491	天 气 变 得 很 容 易 。	NONE	NONE	C C C C C S S C	天 气 变 得 很 快 。
4492	第 一 个 天 下 雨 了 ， 第 二 天 天 气 变 很 好 。	NONE	NONE	C C R C C C C C C C C C C C M C C	第 一 天 下 雨 了 ， 第 二 天 天 气 变 得 很 好 。
4509	可 是 ， 现 在 托 父 母 的 福 ， 我 能 过 这 个 留 学 生 生 活 。	NONE	NONE	C C C C C C C C C C C C M C C C C C R C C C	可 是 ， 现 在 托 父 母 的 福 ， 我 才 能 过 这 个 留 学 生 活 。
4523	高 中 毕 业 以 后 ， 没 那 么 多 见 同 事 们 的 机 会 。	NONE	NONE	C C C C C C C C C C C C S S C C C C C	高 中 毕 业 以 后 ， 没 那 么 多 见 同 学 们 的 机 会 。
4524	有 的 女 的 同 时 已 经 结 婚 ， 有 的 男 的 朋 友 为 了 工 作 搬 家 了 。	NONE	NONE	C C C C R R C C C C M C C C C R R C C C C C C C C	有 的 女 的 已 经 结 婚 了 ， 有 的 男 的 为 了 工 作 搬 家 了 。
4535	对 打 游 戏 也 没 有 兴 趣 ， 最 喜 欢 是 安 静 。	NONE	NONE	M C C C C C C C C C C C C M C C C	我 对 打 游 戏 也 没 有 兴 趣 ， 最 喜 欢 的 是 安 静 。
4577	可 是 我 也 打 算 在 今 年 年 末 回 去 上 海 看 祖 父 和 父 亲 。	NONE	NONE	C C C C C C C C C C C C R C C C C C C C C C	可 是 我 也 打 算 在 今 年 年 末 回 上 海 看 祖 父 和 父 亲 。
4649	从 候 船 室 往 海 那 边 看 起 来 ， 风 景 还 真 美 ！	NONE	NONE	C C C C C C C C C R R C C C C C C C	从 候 船 室 往 海 那 边 看 ， 风 景 还 真 美 ！
4776	不 知 道 能 得 什 么 样 的 结 果 。	NONE	NONE	C C C C C M C C C C C C	不 知 道 能 得 到 什 么 样 的 结 果 。
4804	我 的 嗓 子 到 现 在 也 不 舒 服 。	NONE	NONE	C C C C C C C S C C C C	我 的 嗓 子 到 现 在 都 不 舒 服 。
4898	可 我 没 比 以 前 做 地 很 多 运 动 。	NONE	NONE	C C C C C C C R S S C C C	可 我 没 比 以 前 做 更 多 运 动 。
4899	不 如 少 得 多 了 。	NONE	NONE	S S C C C C C	反 而 少 得 多 了 。
5021	大 连 的 冬 天 大 冷 ， 所 以 冬 天 时 城 市 好 像 睡 觉 的 样 子 。	NONE	NONE	C C C C C S C C C C C C C C C C C S S C C C C	大 连 的 冬 天 太 冷 ， 所 以 冬 天 时 城 市 好 像 睡 着 的 样 子 。
5081	提 别 是 我 公 司 的 文 员 们 ， 他 们 背 了 很 多 人 的 手 机 号 码 。	NONE	NONE	S S C C C C C C C C C C C C C C C C C C C C C C	特 别 是 我 公 司 的 文 员 们 ， 他 们 背 了 很 多 人 的 手 机 号 码 。
5244	我 下 星 期 唱 歌 《 家 乡 》 。	NONE	NONE	C C C C S S C C C C C	我 下 星 期 唱 《 家 乡 》 。
5245	我 要 记 住 那 个 歌 词 。	NONE	NONE	C C C C S S C C C	我 要 记 住 它 的 歌 词 。
5459	什 么 你 要 读 就 是 哪 儿 。	NONE	NONE	C C C C C R R S S M	什 么 你 要 读 的 那 儿 都 有 。
5460	他 了 解 图 书 馆 没 有 别 的 有 意 思 的 生 物 学 书 ， 所 以 他 借 了 一 本 天 文 学 书 。	NONE	NONE	C S S C C C C C C C C C C C C C C M C C C C C C C C C C C M C	他 知 道 图 书 馆 没 有 别 的 有 意 思 的 生 物 学 的 书 ， 所 以 他 借 了 一 本 天 文 学 的 书 。
5611	书 里 的 方 句 很 复 杂 。	NONE	NONE	C C C R R C C C C	书 里 的 句 子 很 复 杂 。
5612	我 觉 得 我 汉 语 水 平 还 没 有 这 么 高 。	NONE	NONE	C C C C M C C C C C C C C C C	我 觉 得 我 的 汉 语 水 平 还 没 有 这 么 高 。
5623	比 如 是 ， 我 看 中 国 电 影 的 时 候 ， 没 想 到 我 一 点 都 不 明 白 在 电 影 的 演 员 讲 什 么 事 儿 。	NONE	NONE	C C S C C C C C C C C C C C C C C C C C C C C C R C C M C C M C C C C C	比 如 说 ， 我 看 中 国 电 影 的 时 候 ， 没 想 到 我 一 点 都 不 明 白 电 影 里 的 演 员 在 讲 什 么 事 儿 。
5624	太 失 意 了 ！	NONE	NONE	C S S C C	太 失 落 了 ！
5760	于 是 ， 我 想 开 始 为 我 同 胞 介 绍 一 下 中 国 全 地 理 。	NONE	NONE	C C C C C R R C S C C C C C C C C R C C C	于 是 ， 我 想 为 我 的 同 胞 介 绍 一 下 中 国 地 理 。
5772	难 道 我 们 大 学 和 肯 德 基 协 作 着 吗 ？	NONE	NONE	C C C C C C C C C C S S R C C	难 道 我 们 大 学 和 肯 德 基 合 作 吗 ？
5773	今 天 的 日 记 到 这 边 。	NONE	NONE	C C C C C M S S C	今 天 的 日 记 就 写 到 这 里 。
5791	我 不 可 以 找 到 了 在 哪 里 我 会 买 菜 。	NONE	NONE	C S S S C C M S C C R R C C C	我 没 找 到 可 以 到 哪 里 买 菜 。
5818	我 觉 得 懒 。	NONE	NONE	C C C M C	我 觉 得 我 很 懒 。
5824	庄 稼 烧 毁 ， 河 流 和 湖 泊 干 涸 。	NONE	NONE	C C M C C C C C C C C C C	庄 稼 被 烧 毁 ， 河 流 和 湖 泊 变 干 涸 。
5825	因 为 过 多 的 热 量 ， 人 们 遭 受 了 疲 惫 。	NONE	NONE	C C C C C C C C C C S S S C C C	因 为 过 多 的 热 量 ， 人 们 非 常 疲 惫 。
5850	如 果 可 以 的 话 ， 我 想 他 做 我 的 皮 包 ， 呵 呵 。	NONE	NONE	C C C C C C C C C M S C C C C C C C C	如 果 可 以 的 话 ， 我 想 让 他 设 计 我 的 皮 包 ， 呵 呵 。
5903	我 们 喝 许 多 好 喝 茶 。	NONE	NONE	C C C M C C C M C	我 们 喝 了 许 多 好 喝 的 茶 。
5999	她 一 意 看 那 条 消 防 车 。	NONE	NONE	C S S C C S C C C C	她 一 直 看 那 辆 消 防 车 。
6069	你 不 觉 得 呢 ？	NONE	NONE	C C C C S C	你 不 觉 得 吗 ？
6085	我 真 的 不 要 我 的 工 作 变 我 的 最 大 的 焦 点 。	NONE	NONE	C C C S S C C C C S C C C C C S S C	我 真 的 不 想 要 我 的 工 作 变 成 我 的 最 大 的 焦 虑 。
6266	这 次 留 学 不 是 学 中 文 的 ， 就 是 所 谓 旁 听 生 的 身 份 来 跟 一 般 的 中 国 学 生 一 起 上 课 。	NONE	NONE	C C C C C C C C C C C C C S S C C C C C C C C S S C C C C C C C C C C	这 次 留 学 不 是 学 中 文 的 ， 就 是 以 旁 听 生 的 身 份 来 跟 普 通 的 中 国 学 生 一 起 上 课 。
6352	你 有 玩 玩 儿 吗 ？ ”	NONE	NONE	C C M C C C C C	你 有 去 哪 里 玩 玩 儿 吗 ？ ”
6377	我 非 常 喜 欢 可 乐 ， 但 是 不 建 。	NONE	NONE	C C C C C C C C C C C S C	我 非 常 喜 欢 可 乐 ， 但 是 不 健 康 。
6378	没 糖 可 乐 也 难 喝 。	NONE	NONE	S C C C C C C C	无 糖 可 乐 也 难 喝 。
6420	我 去 过 美 国 ， 韩 国 ， 中 国 ， 马 来 西 亚 。	NONE	NONE	C C C C C C C C C C C S C C C C C	我 去 过 美 国 ， 韩 国 ， 中 国 和 马 来 西 亚 。
6447	虽 然 很 有 可 能 看 不 见 我 们 日 本 人 的 爱 国 心 ， 但 是 我 想 日 本 人 肯 定 都 喜 欢 自 己 出 生 的 家 乡 。	NONE	NONE	C C C C C C C C C C C C C C C C C C C C C C C C C C C C C C C C C R R C C C C	虽 然 很 有 可 能 看 不 见 我 们 日 本 人 的 爱 国 心 ， 但 是 我 想 日 本 人 肯 定 都 喜 欢 自 己 的 家 乡 。
6488	1 9 9 0 年 搬 到 台 湾 去 了 ， 在 那 边 过 了 1 年 多 。	NONE	NONE	C C C C C M C C C C C C C C C C C C C C C	1 9 9 0 年 我 搬 到 台 湾 去 了 ， 在 那 边 过 了 1 年 多 。
6489	在 台 湾 的 时 候 ， 认 识 我 的 太 太 ， 结 婚 以 后 ， 搬 回 到 美 国 来 。	NONE	NONE	C C C C C C C M C M C C C C C C C C C C C C C C C C	在 台 湾 的 时 候 ， 我 认 识 了 我 的 太 太 ， 结 婚 以 后 ， 搬 回 到 美 国 来 。
6533	但 是 我 的 老 师 和 我 的 中 国 的 朋 友 告 诉 我 ： “ 你 又 聪 明 又 用 功 。 ”	NONE	NONE	C C C C C C C C C C C R C C C C C C C C C C C C C C C C	但 是 我 的 老 师 和 我 的 中 国 朋 友 告 诉 我 ： “ 你 又 聪 明 又 用 功 。 ”
6542	我 记 方 便 的 成 语 。	NONE	NONE	C C S S C C C C	我 记 住 的 成 语 。
6649	我 希 望 四 川 的 人 能 重 获 。	NONE	NONE	C C C C C C S C S S M	我 希 望 四 川 的 人 民 能 重 建 家 园 。
6702	目 前 巨 喜 欢 的 参 赛 者 是 C h e l s i e 和 K a t e e 。	NONE	NONE	C C S C C C C C C C C C C C C C C C C C C C C C	目 前 最 喜 欢 的 参 赛 者 是 C h e l s i e 和 K a t e e 。
6728	今 天 是 很 充 实 的 一 天 的 。	NONE	NONE	C C C C C C C C C R C	今 天 是 很 充 实 的 一 天 。
6797	这 家 商 店 有 很 多 种 饭 。	NONE	NONE	C C S S C C C C C M	这 家 饭 店 有 很 多 种 饭 菜 。
6833	台 湾 的 天 気 比 日 本 热 。	NONE	NONE	C C C C S C C C C C	台 湾 的 天 气 比 日 本 热 。
6834	出 去 外 面 的 时 侯 一 定 要 喝 水 。	NONE	NONE	R C C C C C C C C C M C C	去 外 面 的 时 侯 一 定 要 多 喝 水 。
6867	拿 双 鞋 用 了 好 久 。	NONE	NONE	S C C S C C C C	那 双 鞋 穿 了 好 久 。
6942	我 下 学 期 也 会 努 力 。	NONE	NONE	C C C C C C C C M	我 下 学 期 也 会 努 力 的 。
7030	司 机 开 车 开 得 很 快 ， 好 像 “ 轨 道 飞 车 ” 的 様 子 。	NONE	NONE	C C C C C C C C C C C C C C C C C R R R C	司 机 开 车 开 得 很 快 ， 好 像 “ 轨 道 飞 车 ” 。
7186	不 应 该 被 自 己 灰 心 。 接 续 告 诉 自 己 ： 我 能 行 ！	NONE	NONE	C C C S C C C C C S S C C C C C C C C C	不 应 该 对 自 己 灰 心 。 一 直 告 诉 自 己 ： 我 能 行 ！
7199	我 最 近 毎 天 在 珈 琲 馆 念 七 个 小 时 以 上 的 书 。	NONE	NONE	C C C S S M S S S C C C C C C C C C C	我 最 近 每 天 都 在 咖 啡 馆 念 七 个 小 时 以 上 的 书 。
7200	一 边 聴 m p 3 一 边 读 文 章 。	NONE	NONE	C C S C C C C C C C C C	一 边 听 m p 3 一 边 读 文 章 。
7366	那 样 的 话 ， 记 住 的 东 西 就 少 了 ， 也 能 看 懂 古 典 。	NONE	NONE	C C C C C M C C C C C C C C M C C C C C M	那 样 的 话 ， 要 记 住 的 东 西 就 少 了 ， 我 也 能 看 懂 古 典 作 品 。
7495	听 说 他 非 常 尊 敬 中 国 的 历 史 家 司 马 迁 ， 因 此 自 称 “ 司 马 辽 太 郎 ” 。	NONE	NONE	C C C C C C C C C C S S S C C C C C C C C C C C C C C C C	听 说 他 非 常 尊 敬 中 国 的 历 史 学 家 司 马 迁 ， 因 此 自 称 “ 司 马 辽 太 郎 ” 。
7496	我 也 觉 得 他 写 的 历 史 小 说 写 得 很 精 彩 。	NONE	NONE	C C C C C C C C C C C R R C C C C	我 也 觉 得 他 写 的 历 史 小 说 很 精 彩 。
7522	这 里 的 客 人 的 大 部 分 是 外 国 人 ， 特 别 中 国 人 多 ， 因 此 他 们 准 备 中 文 和 英 文 的 标 示 。	NONE	NONE	C C C C C R C C C C C C C C C C M C C R C C C C C C C M C C C C C C C C	这 里 的 客 人 大 部 分 是 外 国 人 ， 特 别 是 中 国 人 ， 因 此 他 们 准 备 了 中 文 和 英 文 的 标 示 。
7523	对 我 来 说 ， 学 汉 语 的 很 好 机 会 。	NONE	NONE	C C C C C M C C C S C C C C	对 我 来 说 ， 这 是 学 汉 语 的 大 好 机 会 。
7536	如 果 我 们 想 多 吃 一 点 油 ， 那 么 还 是 承 认 增 加 胆 固 醇 。	NONE	NONE	C C C C C C C C C C C C C C C S S C C C C C C	如 果 我 们 想 多 吃 一 点 油 ， 那 么 还 是 会 增 加 胆 固 醇 。
7537	不 管 我 们 没 有 什 么 忍 耐 ， 需 要 身 体 不 胖 和 健 康 ， 这 个 看 法 是 打 如 意 算 盘 。	NONE	NONE	S S C C C C C C C C M M C C C C S C C C C C C C C C S S S S S S	然 而 如 果 我 们 没 有 什 么 忍 耐 力 ， 还 想 让 身 体 不 肥 胖 而 健 康 ， 这 个 想 法 是 痴 人 说 梦 。
7570	以 后 与 世 隔 绝 的 隐 遁 生 话 。	NONE	NONE	M C M C C C C C C C C C	从 此 以 后 过 着 与 世 隔 绝 的 隐 遁 生 话 。
7571	日 本 名 的 败 逃 者 部 落 是 关 东 的 汤 西 川 和 九 州 的 椎 叶 村 。	NONE	NONE	C C M C C C C S S C C C C C C C C C C C C C C C	日 本 有 名 的 败 逃 者 村 落 是 关 东 的 汤 西 川 和 九 州 的 椎 叶 村 。
7595	捣 好 的 年 糕 一 定 要 干 快 吃 。	NONE	NONE	C C C C C C C C S S C C	捣 好 的 年 糕 一 定 要 赶 快 吃 。
7769	快 要 到 吃 上 海 蟹 的 旺 季 了 。	NONE	NONE	C C C C C C S C C C C C	快 要 到 吃 上 海 螃 蟹 的 旺 季 了 。
7770	从 十 月 到 十 二 月 是 那 个 旺 季 。	NONE	NONE	C C C C C C C C R R C C C	从 十 月 到 十 二 月 是 旺 季 。
7803	我 妹 妹 不 知 道 学 什 么 ， 可 是 她 想 英 文 ， 所 以 她 不 学 外 文 。	NONE	NONE	C C C C C C C C C C C C C S C C C C C C C C C C C	我 妹 妹 不 知 道 学 什 么 ， 可 是 她 喜 欢 英 文 ， 所 以 她 不 学 外 文 。
7808	中 国 悠 久 的 历 史 ， 很 多 的 名 胜 古 迹 ， 美 丽 的 风 景 ， 亲 切 的 中 国 人 等 等 ，	NONE	NONE	C C M C C C C C C C R C C C C C C C C C C C C C C C C C C C C	中 国 有 悠 久 的 历 史 ， 很 多 名 胜 古 迹 ， 美 丽 的 风 景 ， 亲 切 的 中 国 人 等 等 ，
7809	让 我 更 喜 欢 中 国 和 中 国 人 。	NONE	NONE	M C C C C C C C C C C M	这 让 我 更 喜 欢 中 国 和 中 国 人 了 。
7884	饭 店 不 太 大 ， 可 是 很 干 净 。	NONE	NONE	M C C C C C S S C C C C	虽 然 饭 店 不 太 大 ， 但 是 很 干 净 。
7942	可 是 他 读 书 总 是 三 心 二 一 的 ， 每 天 让 我 父 母 为 他 的 将 来 提 心 掉 但 的 ， 一 点 都 部 争 气 。	NONE	NONE	C C C C C C C S S S S C C C C C C C C C C C C C S S S S R C C C C S C C C	可 是 他 读 书 总 是 三 心 二 意 的 ， 每 天 让 我 父 母 为 他 的 将 来 提 心 吊 胆 ， 一 点 都 不 争 气 。
7943	但 是 他 对 女 人 到 挺 有 兴 趣 的 。	NONE	NONE	C C C C C C S C S C C C C	但 是 他 对 女 人 倒 挺 感 兴 趣 的 。
7960	焦 急 就 不 能 像 起 来 。	NONE	NONE	C C S C C S C C C	焦 急 地 不 能 站 起 来 。
7961	迟 到 的 回 答 有 时 致 命 的 。	NONE	NONE	C C C C C C C M C C C	迟 到 的 回 答 有 时 是 致 命 的 。
8014	她 用 日 语 对 我 说 ， 和 我 用 汉 语 。	NONE	NONE	C C C C C C C C R C C C C M	她 用 日 语 对 我 说 ， 我 用 汉 语 对 她 说 。
8021	土 楼 的 真 面 目 是 如 何 ？	NONE	NONE	C C C C C C S C C C	土 楼 的 真 面 目 究 竟 如 何 ？
8063	但 是 我 们 大 概 每 天 取 得 联 系 ， 所 以 没 有 问 题 。	NONE	NONE	C C C C S S C C M C C C C C C C C C C C	但 是 我 们 几 乎 每 天 都 取 得 联 系 ， 所 以 没 有 问 题 。
8160	那 天 ， 风 刮 着 厉 害 ， 得 走 1 0 0 米 路 耗 时 了 一 个 多 小 时 。	NONE	NONE	C C C C C S C C C R C C C C C M C C R C C C C C C	那 天 ， 风 刮 得 厉 害 ， 走 1 0 0 米 的 路 耗 时 一 个 多 小 时 。
8176	今 年 春 天 她 就 变 成 一 所 托 儿 所 的 一 位 老 师 。	NONE	NONE	C C C C C C S S M C C C C C R R C C C	今 年 春 天 她 就 成 为 了 一 所 托 儿 所 的 老 师 。
8177	还 有 两 个 月 她 就 要 结 婚 ， 我 希 望 她 和 她 未 婚 夫 在 一 起 找 到 自 己 的 幸 福 。	NONE	NONE	C C C C C C C C C C M C C C C C C C C C C C C C C M C C C C C	还 有 两 个 月 她 就 要 结 婚 了 ， 我 希 望 她 和 她 未 婚 夫 在 一 起 能 够 找 到 属 于 自 己 的 幸 福 。
8299	他 说 ， 从 明 天 每 天 用 我 给 他 的 手 套 。	NONE	NONE	C C C C C C M C S C C C C C C C	他 说 ， 从 明 天 开 始 每 天 戴 我 给 他 的 手 套 。
8346	发 音 的 练 习 做 好 ， 但 是 中 文 翻 译 的 马 虎	NONE	NONE	C C C C C C C M C C C C C C M C C	发 音 的 练 习 做 好 了 ， 但 是 中 文 翻 译 做 的 马 虎 。
8361	上 周 我 的 车 刮 疼 啊 。	NONE	NONE	C C C C C S S S C	上 周 我 的 车 被 刮 了 。
8375	今 天 ， 只 要 有 时 间 ， 我 弄 手 机 了 。	NONE	NONE	C C C C C C C C C C S C C R C	今 天 ， 只 要 有 时 间 ， 我 就 学 习 使 用 手 机 。
8376	手 机 的 这 么 多 作 用 ， 我 还 没 记 不 了 。	NONE	NONE	C C C C C C S S C C C C C S S C	手 机 的 这 么 多 功 能 ， 我 还 没 记 下 来 。
8426	虽 然 这 些 都 好 像 相 对 ， 它 们 也 就 是 相 统 一 的 。	NONE	NONE	C C C C C C C M C M M C C R C C C C C C	虽 然 这 些 都 好 像 是 相 对 的 ， 但 它 们 也 是 相 统 一 的 。
8447	那 天 晚 上 大 家 喝 得 非 常 痛 。	NONE	NONE	C C C C C C M C C C M C	那 天 晚 上 大 家 都 喝 得 非 常 痛 快 。
8448	回 家 的 路 上 我 想 日 本 人 和 中 国 人	NONE	NONE	C C C C C C C M C C C C C C	回 家 的 路 上 我 想 到 了 日 本 人 和 中 国 人
